index,unit2_pos,unit1_beam_32,unit1_beam_64
1774,"[0.4411239506650633, 0.06818181796859943]",11,21
2150,"[0.6749245705115114, 0.1071428573790456]",6,11
1265,"[0.27930461196693873, 0.10389610386414605]",22,42
57,"[0.4163707641479176, 0.865800865790879]",17,34
1085,"[0.13700457708506125, 0.11363636363985903]",28,54
112,"[0.6711479649494086, 0.0790043289159456]",2,3
2117,"[0.6698959381011705, 0.8852813851885077]",11,20
826,"[0.16643747049818242, 0.8225108224628858]",26,51
1246,"[0.3486176392067574, 0.10281385284631]",19,34
1315,"[0.22708893496019733, 0.8225108224628858]",25,48
1118,"[0.17653578539739326, 0.8398268395172482]",26,52
1130,"[0.29506783522388774, 0.8073593072903983]",22,44
1230,"[0.39783666180801713, 0.10064935050304365]",15,29
1045,"[0.4977319841493323, 0.06926406929402974]",9,17
286,"[0.5181338642528955, 0.7976190475146853]",13,26
584,"[0.3685269185721473, 0.08874458869165856]",17,33
1673,"[0.19658873997200713, 0.03896103879525764]",26,51
1747,"[0.7160156811225019, 0.7251082250133503]",5,9
196,"[0.2712177500406146, 0.10497835503577924]",22,43
368,"[0.24517148662586957, 0.10064935050304365]",23,46
1745,"[0.6898667925478942, 0.7294372295460858]",6,11
48,"[0.3622873093775134, 0.8798701296379362]",19,37
1760,"[0.6359680630506591, 0.05952380951831677]",2,3
1744,"[0.6769770735337594, 0.7326839824457969]",7,14
2083,"[0.15695490651439628, 0.9437229435351914]",30,59
2269,"[0.5305309825288571, 0.8603896102403074]",15,29
2089,"[0.264218714721332, 0.9242424241375625]",26,52
2200,"[0.305474025573519, 0.12770562779451047]",23,45
955,"[0.0601588637384255, 0.11796536786500036]",29,58
7,"[0.08140227006535979, 0.9329004327416424]",30,59
2300,"[1.0, 0.8409090908426785]",2,2
41,"[0.31936947106680524, 0.8885281383958131]",21,42
1319,"[0.27281870240321815, 0.8138528138588059]",23,45
1220,"[0.4351306418249322, 0.09956709948520759]",13,26
738,"[0.5586913240763516, 0.051948051932073025]",6,11
1277,"[0.21058681061057222, 0.10281385284631]",24,47
1481,"[0.42189199729643184, 0.07359307351917108]",12,23
986,"[0.34670881139373344, 0.8344155842742709]",20,39
1066,"[0.3055561257014092, 0.09415584424223021]",20,39
2141,"[0.7391884403090166, 0.10497835503577924]",4,6
2072,"[0.17156872806838608, 0.08441558446651723]",26,52
1326,"[0.34309640607282704, 0.7997835497041546]",20,39
737,"[0.5666550358108404, 0.050865800914236974]",6,11
1766,"[0.5537447917793169, 0.061688311707786]",6,11
1917,"[0.1108556885104535, 0.13528138522695707]",28,55
1856,"[0.7784117731563444, 0.7911255409462776]",3,5
1148,"[0.45522464646349114, 0.7792207791348925]",15,29
960,"[0.038258656432121396, 0.9080086581010361]",30,58
1263,"[0.28798669977671504, 0.10389610386414605]",21,42
599,"[0.29859814043148786, 0.0930735929167999]",20,39
1418,"[0.3123704357475227, 0.0]",19,37
984,"[0.3088401305399226, 0.8398268395172482]",22,43
109,"[0.6889636912140217, 0.08008658008757877]",2,2
2003,"[0.7151331048206019, 0.7705627705308127]",4,8
1419,"[0.30379097309760916, 0.0]",20,39
564,"[0.4411239506650633, 0.08658008665598646]",12,24
786,"[0.21397344060894838, 0.05627705615721436]",25,48
2283,"[0.7127727263333498, 0.835497835445904]",9,18
121,"[0.6202253648256826, 0.0790043289159456]",4,6
1959,"[0.25262207261938036, 0.8528138526540636]",23,45
1630,"[0.43636214364119774, 0.03896103879525764]",12,23
1986,"[0.5116479546745911, 0.8030303030652569]",12,23
615,"[0.18817347756329003, 0.10497835503577924]",26,52
108,"[0.695039100182043, 0.08008658008757877]",2,2
2138,"[0.7632437757828475, 0.10389610386414605]",4,6
1903,"[0.24098438045348358, 0.12878787881234652]",22,43
2114,"[0.6153609326565381, 0.8896103894136491]",12,22
315,"[0.7993883540968033, 0.7976190475146853]",2,3
2176,"[0.4768785534007086, 0.12121212122610277]",13,26
1624,"[0.4723835717633183, 0.03896103879525764]",11,20
1592,"[0.7789659489758515, 0.7976190475146853]",3,6
2174,"[0.49065084871674347, 0.12012987020826672]",12,22
2246,"[0.3066439523084508, 0.9361471859489476]",26,51
637,"[0.031177520984948665, 0.8993506491893621]",30,59
2120,"[0.7119312000953948, 0.8841991341706718]",8,6
971,"[0.14956589561680314, 0.8690476189981843]",27,54
1922,"[0.07033927875094263, 0.13744588757022344]",30,59
558,"[0.46376305904945964, 0.08441558446651723]",11,22
1560,"[0.40926910366877234, 0.8409090908426785]",18,34
2236,"[0.23269226822201788, 0.9653679652760866]",27,54
2249,"[0.3391761252869164, 0.9220779219480933]",24,46
1789,"[0.2322612425943461, 0.08008658008757877]",22,42
416,"[0.3463804109113405, 0.07251082250133503]",17,34
655,"[0.21142833686311105, 0.8387445884994121]",25,49
1232,"[0.39194597812774873, 0.10173160182847395]",15,29
1751,"[0.7833993555173241, 0.7164502164092704]",3,6
243,"[0.15030479669489533, 0.83658008646374]",28,54
2124,"[0.7833377804214064, 0.8820346318274054]",6,11
481,"[0.47960838241971493, 0.7846320346854642]",15,29
1334,"[0.42047577020699733, 0.7867965367211363]",17,33
840,"[0.3144024137377981, 0.774891774755954]",22,42
1519,"[0.0740337841997392, 0.09848484846737154]",30,60
1711,"[0.2606268344323982, 0.8181818179301501]",24,46
422,"[0.27727263397666335, 0.0790043289159456]",22,43
528,"[0.5914903224558763, 0.07251082250133503]",4,7
127,"[0.5874263664607418, 0.0790043289159456]",6,11
995,"[0.48182508569774324, 0.8170995669123141]",15,28
259,"[0.2843332443918635, 0.8192640691017833]",23,45
1565,"[0.46318835819798004, 0.8333333332564348]",15,28
645,"[0.11200509021341275, 0.8679653678265511]",28,55
1416,"[0.3292830606928471, 0.0]",19,37
675,"[0.41359988506496614, 0.805194805100929]",17,33
1028,"[0.6607828246491385, 0.05844155850048072]",2,3
1381,"[0.655364216660487, 0.02489177494820046]",2,3
195,"[0.2774778842818049, 0.10497835503577924]",22,42
1178,"[0.7594876952381333, 0.743506493393143]",4,6
1233,"[0.3889698487250718, 0.10173160182847395]",15,29
2299,"[0.9687198538551886, 0.8387445884994121]",3,6
1593,"[0.790336815740689, 0.7976190475146853]",3,6
1087,"[0.11968145152945374, 0.11580086582932826]",28,55
1436,"[0.14619979065039954, 0.032467532534444205]",27,54
805,"[0.07754356437536675, 0.05844155850048072]",30,60
66,"[0.4755033763606352, 0.8528138526540636]",15,28
2140,"[0.7470290018662541, 0.10389610386414605]",2,3
283,"[0.49227232609673566, 0.7987012985325214]",14,27
680,"[0.442027051984352, 0.8030303030652569]",15,29
560,"[0.457420824694963, 0.08441558446651723]",12,22
2032,"[0.5179696640116991, 0.07792207789810954]",7,14
1681,"[0.1412122082894198, 0.04653679668909564]",28,55
51,"[0.3803698610431857, 0.876623376584428]",19,36
661,"[0.27154615053759146, 0.8279220777058631]",23,45
2069,"[0.19722501590482047, 0.08333333344868118]",25,49
608,"[0.24217483220580402, 0.09848484846737154]",23,45
694,"[0.5332608115624473, 0.7900432899284415]",11,22
18,"[0.16649904559410006, 0.9101731601367082]",26,51
1608,"[0.6053652429171901, 0.034632034723913435]",4,7
444,"[0.02803719135565917, 0.8885281383958131]",31,60
1579,"[0.6134315798115416, 0.814935064876642]",9,17
1945,"[0.14104800804822332, 0.8755411255665919]",27,53
1918,"[0.1026046263429329, 0.13636363624479314]",28,55
1935,"[0.06180086616497417, 0.8993506491893621]",30,59
237,"[0.09390201350118405, 0.8463203463932502]",29,58
925,"[0.35584244986315405, 0.09523809526006626]",16,31
1116,"[0.15943843516431597, 0.8441558440499838]",28,55
1060,"[0.3614868331889197, 0.08658008665598646]",17,33
1366,"[0.7379364134607787, 0.7445887444109791]",4,7
2252,"[0.3649760883471586, 0.9123376620185832]",22,43
76,"[0.561687978496417, 0.83658008646374]",11,21
1209,"[0.47868475605386984, 0.09523809526006626]",10,20
1172,"[0.6943617741852846, 0.7478354976182844]",6,11
846,"[0.37242667432608545, 0.7608225107550998]",19,37
1218,"[0.4421502021761873, 0.09956709948520759]",12,23
322,"[0.6610496500501978, 0.04004329012068795]",2,2
1941,"[0.10898791076137462, 0.8841991341706718]",28,55
2016,"[0.6857412614714259, 0.08549783563815042]",2,2
672,"[0.3941626813911931, 0.8084415583082343]",18,34
813,"[0.03663717903754528, 0.8733766233771227]",30,58
1893,"[0.361794708653924, 0.1168831168471643]",15,29
2000,"[0.6748219453662326, 0.774891774755954]",6,11
1907,"[0.20104267154545233, 0.1320346320196518]",24,47
954,"[0.07130395518073285, 0.1168831168471643]",29,57
1910,"[0.17197922867866922, 0.13311688303748784]",25,49
232,"[0.052646702663580985, 0.8538961039794939]",30,59
2123,"[0.7688676340766406, 0.8820346318274054]",7,13
1182,"[0.8078446665694655, 0.7413419913574709]",4,6
454,"[0.1529935756645405, 0.8419913418605146]",28,55
1177,"[0.7479321032001267, 0.743506493393143]",3,6
1638,"[0.3945526569695037, 0.04004329012068795]",15,29
1960,"[0.26126311036521155, 0.8506493503107972]",23,44
809,"[0.042466287636479944, 0.06493506506888841]",30,59
1526,"[0.02261858336700765, 0.9188311688945852]",31,61
580,"[0.3831612651726936, 0.08874458869165856]",16,32
509,"[0.8579052154086801, 0.7683982683413435]",2,2
1790,"[0.21711377023823786, 0.08116883110541483]",23,44
1081,"[0.1718766035188065, 0.11038961027875661]",26,51
305,"[0.6915908951023331, 0.7943722941535829]",6,11
635,"[0.04460089078661803, 0.123376623415572]",30,62
969,"[0.12873298988556808, 0.8755411255665919]",28,55
443,"[0.016809999800045536, 0.8939393936387905]",30,60
1556,"[0.361794708653924, 0.8474025974110863]",19,38
936,"[0.25418197491803884, 0.10606060605361528]",22,42
429,"[0.19406416124355844, 0.08766233767382252]",25,48
1490,"[0.3490486648490131, 0.07575757586243743]",17,34
1080,"[0.1806613164738616, 0.11038961027875661]",25,49
640,"[0.061903491310252995, 0.8863636363601409]",30,59
2015,"[0.8600398185588183, 0.7662337659980771]",2,2
193,"[0.2897723774124876, 0.10281385284631]",21,42
570,"[0.41856694239397335, 0.08766233767382252]",14,27
478,"[0.4438948297480148, 0.7878787877389724]",16,31
1316,"[0.23893187743123567, 0.8203463201196194]",24,48
1879,"[0.48642269248041237, 0.11363636363985903]",9,17
1578,"[0.6024917386743758, 0.816017315894478]",9,17
293,"[0.5802836559176513, 0.7943722941535829]",10,19
1908,"[0.19102645675954777, 0.1320346320196518]",24,47
1071,"[0.2606063094004257, 0.10064935050304365]",22,43
2257,"[0.41033640524384135, 0.8971861473074871]",20,39
587,"[0.35688922640625054, 0.08874458869165856]",17,34
673,"[0.40097699143730664, 0.8084415583082343]",18,34
2079,"[0.11104041378362253, 0.08874458869165856]",30,59
684,"[0.4627368075383357, 0.7987012985325214]",14,27
1350,"[0.5761375998092104, 0.761904761926733]",9,17
1389,"[0.5720531187821033, 0.01948051939762882]",6,11
1423,"[0.2686931713267498, 0.00216450234326636]",22,42
1559,"[0.39732353605245513, 0.8409090908426785]",19,37
1288,"[0.11391391802643672, 0.09848484846737154]",28,55
980,"[0.2612220603012665, 0.8463203463932502]",24,46
2241,"[0.2699041481110428, 0.9502164501035991]",25,49
1297,"[0.03949015824838692, 0.09848484846737154]",30,59
1430,"[0.20600972885987562, 0.015151515172487487]",25,49
949,"[0.12583896061078134, 0.11255411262202297]",28,55
1298,"[0.04090638533782147, 0.8701298700160203]",30,59
1133,"[0.3222224502776469, 0.8019480517398266]",20,39
1832,"[0.3975493113895693, 0.814935064876642]",19,37
2113,"[0.6019170378228962, 0.8906926404314852]",12,23
2019,"[0.6550973912740117, 0.08549783563815042]",2,4
996,"[0.4944069292468738, 0.816017315894478]",14,27
1506,"[0.20239732353896925, 0.08658008665598646]",25,49
2261,"[0.4485540116120177, 0.8831168828452415]",19,38
764,"[0.3568687013888619, 0.05952380951831677]",17,33
1499,"[0.2644650150904187, 0.08116883110541483]",22,42
135,"[0.5519796391755168, 0.08116883110541483]",7,14
2224,"[0.15346565137074128, 0.9967532464851004]",29,57
1732,"[0.5253997249586534, 0.761904761926733]",13,25
583,"[0.37220089900355524, 0.08874458869165856]",17,33
2217,"[0.16885942406676835, 0.13311688303748784]",30,59
1957,"[0.23624309846159053, 0.8560606058613689]",24,48
441,"[0.044149340126973705, 0.11363636363985903]",30,60
307,"[0.7110075737295497, 0.7932900431357468]",6,10
2298,"[0.9534492313364129, 0.8376623374815761]",4,6
170,"[0.41060323064490056, 0.0930735929167999]",14,27
242,"[0.14244371010568532, 0.83658008646374]",28,55
2142,"[0.7315120789783918, 0.10497835503577924]",3,4
1003,"[0.5827466595501823, 0.8073593072903983]",10,20
767,"[0.33673364668635786, 0.06060606053615282]",19,34
561,"[0.45331581863588327, 0.08441558446651723]",12,23
2049,"[0.36766486730221987, 0.07792207789810954]",15,30
1005,"[0.6078898216310548, 0.805194805100929]",9,17
1637,"[0.39945813920259327, 0.04004329012068795]",15,29
1788,"[0.2474087149358704, 0.0790043289159456]",22,43
511,"[0.6957164261788015, 0.06385281405105236]",2,2
1865,"[0.6323351326977802, 0.11255411262202297]",2,3
1495,"[0.3072186531453465, 0.07792207789810954]",20,39
1651,"[0.3227150510012363, 0.03787878777742159]",20,39
2071,"[0.18041501611935884, 0.08333333344868118]",25,49
1871,"[0.569466964957737, 0.11147186129659267]",4,8
1462,"[0.5763839001637132, 0.06277056272562205]",5,9
336,"[0.5326450606470227, 0.04761904770693169]",7,13
2014,"[0.8479095256693321, 0.7662337659980771]",2,3
124,"[0.603086964557828, 0.0790043289159456]",4,7
1606,"[0.6223394429438481, 0.034632034723913435]",2,4
2052,"[0.33913507522297126, 0.07792207789810954]",17,34
1600,"[0.6756839966361601, 0.032467532534444205]",2,2
698,"[0.5747829478011096, 0.7835497836676281]",10,20
1324,"[0.3234129020299673, 0.804112554083093]",21,42
621,"[0.14751339257997134, 0.11038961027875661]",28,55
2148,"[0.6883479403131808, 0.10606060605361528]",3,5
1420,"[0.2951294103198054, 0.0]",20,39
1302,"[0.08357792327944298, 0.8560606058613689]",28,58
1336,"[0.43911249769217664, 0.7835497836676281]",16,31
1805,"[0.01666632459082161, 0.10606060605361528]",31,60
1157,"[0.5378584183451165, 0.764069263962405]",12,22
994,"[0.4692432421340288, 0.8192640691017833]",15,30
202,"[0.2320559922892045, 0.1093073594147177]",24,47
1115,"[0.15098212270623768, 0.8474025974110863]",28,54
2220,"[0.14424991277343047, 0.13636363624479314]",30,60
574,"[0.4045072966449067, 0.08874458869165856]",15,29
725,"[0.6672482091954705, 0.041125541138524]",2,3
1717,"[0.3330801913015064, 0.8030303030652569]",21,42
206,"[0.2044703515931897, 0.11147186129659267]",25,49
1061,"[0.3513679932723202, 0.08874458869165856]",17,34
376,"[0.1592331848737583, 0.12445887443340806]",26,52
369,"[0.23468319616293204, 0.10389610386414605]",22,44
985,"[0.3328133659004472, 0.83658008646374]",21,42
693,"[0.5241476981249993, 0.7911255409462776]",12,23
1708,"[0.2221834527271078, 0.8246753246523549]",25,49
526,"[0.6022249132879005, 0.0703463203118658]",4,7
1393,"[0.5312698836215332, 0.01623376619032354]",7,13
332,"[0.5680507378683024, 0.04437229434582928]",6,11
166,"[0.42745428049430734, 0.0909090908811278]",14,26
1844,"[0.563555756245496, 0.8030303030652569]",11,21
1098,"[0.02526631227270772, 0.1255411254512441]",31,60
349,"[0.4231645491620586, 0.06277056272562205]",13,26
1702,"[0.15188522404011026, 0.8387445884994121]",28,55
1241,"[0.364586112768848, 0.10281385284631]",17,34
1173,"[0.7047679645349157, 0.7467532466004483]",6,11
1228,"[0.4046714968861032, 0.10064935050304365]",15,29
2081,"[0.09521561544533975, 0.08982683970949462]",31,61
2051,"[0.3486997393346476, 0.07792207789810954]",17,32
1888,"[0.40834547731751114, 0.1168831168471643]",12,23
896,"[0.5998850598326209, 0.06601731608672447]",4,7
679,"[0.4366905441235907, 0.8030303030652569]",15,29
2040,"[0.4508528150033522, 0.07792207789810954]",11,22
103,"[0.8347119312047768, 0.8181818179301501]",2,3
1731,"[0.5130641817640257, 0.764069263962405]",14,27
1543,"[0.2134603148533864, 0.8722943720516924]",25,49
1027,"[0.6703269637288424, 0.057359307482644666]",2,2
878,"[0.7582767184538404, 0.7575757573939973]",4,6
1272,"[0.2429958334263703, 0.10389610386414605]",23,45
2122,"[0.7401941667881681, 0.8831168828452415]",8,14
639,"[0.051723076297735864, 0.8906926404314852]",30,58
731,"[0.6158124833161824, 0.04653679668909564]",3,6
2029,"[0.5483672338400266, 0.07792207789810954]",6,12
440,"[0.05558178198772891, 0.11038961027875661]",30,60
77,"[0.571232117561537, 0.8344155842742709]",11,20
191,"[0.3017179450288048, 0.10173160182847395]",20,39
207,"[0.19747131627390715, 0.11255411262202297]",26,52
1963,"[0.28761724923037696, 0.8452380950678199]",22,43
1958,"[0.2440426099694668, 0.8549783548435328]",24,46
1454,"[0.646107428013815, 0.057359307482644666]",2,4
2145,"[0.7093655713175849, 0.10497835503577924]",4,7
1946,"[0.14913486997454745, 0.8733766233771227]",27,54
1477,"[0.45352106894102484, 0.07251082250133503]",11,21
1044,"[0.5063319718458024, 0.06818181796859943]",9,17
901,"[0.5594097001224712, 0.0703463203118658]",6,11
1642,"[0.37415077688052434, 0.03896103879525764]",17,32
862,"[0.5405471973001778, 0.7467532466004483]",12,22
330,"[0.5862359146938374, 0.04220779231015718]",4,7
704,"[0.6497198333347214, 0.773809523738118]",7,14
1663,"[0.2581227807359221, 0.03679653675958554]",23,45
1091,"[0.08517887564204656, 0.11904761919043066]",29,57
496,"[0.6865006875814906, 0.7683982683413435]",6,11
88,"[0.6750066706394017, 0.8235930734807217]",6,11
426,"[0.23082449047293901, 0.08441558446651723]",23,45
920,"[0.4046509718541306, 0.08982683970949462]",14,27
1158,"[0.547279407232985, 0.7629870129445689]",11,21
1482,"[0.4139077605153866, 0.07359307351917108]",13,26
201,"[0.23882925227137294, 0.1093073594147177]",24,46
2006,"[0.7523449847096269, 0.7673160173235074]",4,7
586,"[0.3608710822880789, 0.08874458869165856]",18,32
390,"[0.6607828246491385, 0.050865800914236974]",2,2
2135,"[0.9480100983157889, 0.8820346318274054]",3,5
1119,"[0.18509472301533428, 0.83658008646374]",26,52
465,"[0.2803719135565917, 0.8127705625333757]",23,45
1153,"[0.5007286385693979, 0.7705627705308127]",14,26
407,"[0.44935448780061144, 0.06385281405105236]",11,21
850,"[0.4121015578476414, 0.754329004186692]",17,34
304,"[0.6820878060719905, 0.7932900431357468]",6,11
1517,"[0.09234211120252557, 0.09632034643169944]",29,57
404,"[0.4837133884787947, 0.061688311707786]",9,17
227,"[0.04681759406464632, 0.13961038960589553]",31,61
2107,"[0.5136799326794503, 0.8961038959820569]",16,31
1267,"[0.2698630980470977, 0.10389610386414605]",22,43
1197,"[0.5570287966178303, 0.08766233767382252]",6,10
858,"[0.4955973809991942, 0.7467532466004483]",14,27
761,"[0.37786580734670955, 0.06060606053615282]",15,29
1033,"[0.6137805053259071, 0.06060606053615282]",3,6
624,"[0.12692678721782294, 0.11255411262202297]",28,55
371,"[0.21343978982141384, 0.1093073594147177]",25,49
182,"[0.35225056957422024, 0.09632034643169944]",18,34
298,"[0.6259928983432835, 0.7932900431357468]",8,14
415,"[0.3578128527720957, 0.07142857132970185]",16,31
281,"[0.4751544508462697, 0.7997835497041546]",15,29
859,"[0.5066193222642502, 0.7467532466004483]",13,26
919,"[0.41372303524221754, 0.08874458869165856]",14,26
1273,"[0.23694094949032152, 0.10389610386414605]",23,45
271,"[0.3906939512795107, 0.8084415583082343]",19,37
1735,"[0.5627347550395136, 0.754329004186692]",11,21
1858,"[0.8315716015609034, 0.7889610389106055]",2,3
326,"[0.6232835943416658, 0.041125541138524]",2,4
1168,"[0.6510950103602109, 0.7510822511331839]",7,14
1359,"[0.6633689784735048, 0.7510822511331839]",7,13
703,"[0.6365838139660838, 0.774891774755954]",9,17
1536,"[0.1293487407864089, 0.8885281383958131]",28,55
1308,"[0.14739024240271995, 0.8376623374815761]",26,51
956,"[0.0490753473920358, 0.11904761919043066]",30,60
1801,"[0.06820467560080454, 0.09523809526006626]",30,59
758,"[0.3992323638654791, 0.06060606053615282]",14,27
762,"[0.3708257219634819, 0.06060606053615282]",15,30
903,"[0.5439133022665813, 0.07251082250133503]",7,13
726,"[0.6585661213856941, 0.04220779231015718]",2,3
1163,"[0.5950206276488925, 0.7575757573939973]",9,17
1545,"[0.2342726955526489, 0.8690476189981843]",24,46
522,"[0.6275733256739146, 0.06926406929402974]",3,6
342,"[0.481373535023515, 0.053030303103706204]",9,17
269,"[0.3740481517206616, 0.8106060606515006]",19,37
1862,"[0.6651751811266661, 0.11363636363985903]",2,2
55,"[0.4042404712584314, 0.8690476189981843]",18,34
1408,"[0.40313211961941725, 0.0075757575862437435]",14,27
1797,"[0.12083085323241298, 0.08874458869165856]",27,54
1530,"[0.06555694669510446, 0.9047619045861366]",30,59
1589,"[0.7296443012293129, 0.8030303030652569]",4,8
2129,"[0.856612138496497, 0.8809523808095693]",4,7
2037,"[0.47554442642458034, 0.07575757586243743]",9,17
141,"[0.5277806284778782, 0.08333333344868118]",8,16
2240,"[0.2631308881142905, 0.9523809521392712]",26,52
162,"[0.4450647564683627, 0.08982683970949462]",12,23
433,"[0.14057593235660643, 0.09415584424223021]",27,53
2106,"[0.49902506106151545, 0.8971861473074871]",17,33
686,"[0.4737176987394466, 0.7976190475146853]",14,27
944,"[0.1773362615714031, 0.11147186129659267]",25,49
1222,"[0.4284600069734587, 0.09956709948520759]",14,26
1521,"[0.05593070750209441, 0.10064935050304365]",30,59
1460,"[0.5988998583708581, 0.061688311707786]",4,6
1398,"[0.48685371810808414, 0.012987013136815386]",9,17
847,"[0.38223763880684847, 0.7597402597372637]",19,37
1234,"[0.3859731943050062, 0.10173160182847395]",16,31
485,"[0.5275548531407641, 0.7792207791348925]",12,23
1211,"[0.46965374274431193, 0.09632034643169944]",11,21
448,"[0.07945239218839072, 0.866883116808715]",29,60
1136,"[0.3484329139335884, 0.7954545454790132]",20,39
1248,"[0.34202910449775803, 0.10281385284631]",19,36
1287,"[0.12226760535382007, 0.09956709948520759]",28,56
2068,"[0.20498347734875166, 0.08225108212325087]",25,49
25,"[0.2098889595818412, 0.9047619045861366]",25,49
1715,"[0.30980480696971285, 0.8073593072903983]",22,43
1981,"[0.45752344985482574, 0.8138528138588059]",15,29
2067,"[0.21282403892057303, 0.08225108212325087]",24,46
633,"[0.06097986494440788, 0.12229437224393883]",30,59
1370,"[0.7774470967411381, 0.742424242375307]",4,6
937,"[0.24484308614347663, 0.1071428573790456]",22,44
1105,"[0.06592639724144252, 0.876623376584428]",30,59
1465,"[0.5538063668606507, 0.06493506506888841]",6,11
853,"[0.4426633279317493, 0.7499999998077536]",16,30
1815,"[0.17002935080170015, 0.8376623374815761]",27,54
577,"[0.3939163810221064, 0.08874458869165856]",15,29
2163,"[0.5766917756141335, 0.11363636363985903]",9,17
2231,"[0.1991954188137621, 0.978354978412902]",28,55
469,"[0.33825249892107123, 0.8030303030652569]",20,42
803,"[0.0938404384198503, 0.05519480513937831]",29,58
1691,"[0.059112087195329004, 0.06277056272562205]",30,62
178,"[0.37285769996834117, 0.09523809526006626]",17,33
401,"[0.5232240717591541, 0.057359307482644666]",7,14
2025,"[0.5900946203838304, 0.0790043289159456]",4,7
1484,"[0.39783666180801713, 0.07359307351917108]",14,27
4,"[0.05387820447984651, 0.9404761903278861]",30,59
1240,"[0.367705917366165, 0.10281385284631]",17,33
1349,"[0.5668602861159819, 0.764069263962405]",11,21
590,"[0.3443484329210651, 0.08982683970949462]",19,34
1551,"[0.3070955029680951, 0.8571428571867992]",22,43
1266,"[0.2746659551349084, 0.10389610386414605]",22,43
1453,"[0.654112189812249, 0.057359307482644666]",2,3
821,"[0.12130292892402986, 0.8387445884994121]",28,55
2054,"[0.3198620718049786, 0.07792207789810954]",19,37
1054,"[0.4202089448059381, 0.0790043289159456]",13,26
928,"[0.32796945876327527, 0.09848484846737154]",17,34
1207,"[0.4884751955026603, 0.09523809526006626]",9,17
2059,"[0.27776523470025277, 0.0790043289159456]",20,39
1269,"[0.25968268303458053, 0.10389610386414605]",22,44
746,"[0.4937090782181428, 0.05627705615721436]",9,17
2196,"[0.33790357340670574, 0.1266233767766744]",21,42
611,"[0.2188173477607042, 0.10064935050304365]",24,47
276,"[0.4326881632097898, 0.804112554083093]",17,34
2144,"[0.7165903819739816, 0.10497835503577924]",4,6
1210,"[0.4740871492712007, 0.09523809526006626]",11,20
1365,"[0.7281870240759333, 0.7445887444109791]",4,7
894,"[0.6167976847779453, 0.06493506506888841]",3,6
9,"[0.10420557870553646, 0.9253246751553986]",28,55
1013,"[0.7200180620217189, 0.7954545454790132]",6,11
1778,"[0.38424909176515126, 0.07251082250133503]",14,27
49,"[0.3683421932989783, 0.8787878786201001]",20,38
1724,"[0.4210299460265044, 0.7846320346854642]",18,34
1776,"[0.4117321073013034, 0.0703463203118658]",13,26
2098,"[0.38375649104156184, 0.9090909091188722]",22,42
1403,"[0.4442232302304078, 0.009740259775712974]",12,22
1674,"[0.19000020524842381, 0.04004329012068795]",26,51
187,"[0.324870179183347, 0.09956709948520759]",20,39
1331,"[0.39194597812774873, 0.7911255409462776]",20,38
2042,"[0.4347406662466216, 0.07683982688027349]",12,22
765,"[0.34995176618288565, 0.05952380951831677]",17,34
2075,"[0.14476303852899242, 0.08549783563815042]",27,54
1074,"[0.233800619861032, 0.10389610386414605]",23,45
2136,"[0.9649227232611132, 0.8831168828452415]",3,2
302,"[0.6632458282816696, 0.7932900431357468]",7,14
1250,"[0.33529689456495076, 0.10281385284631]",19,37
881,"[0.7951601978604723, 0.7629870129445689]",3,4
1886,"[0.4259559532915665, 0.1168831168471643]",12,22
120,"[0.62615709858448, 0.0790043289159456]",4,7
2272,"[0.56546458405852, 0.8538961039794939]",14,27
354,"[0.3798156852236786, 0.0703463203118658]",15,29
2023,"[0.6114201268386549, 0.08116883110541483]",3,6
1012,"[0.707641468763146, 0.7965367964968493]",6,11
681,"[0.44746618501956, 0.8008658007219905]",15,29
1354,"[0.6134315798115416, 0.7575757573939973]",9,16
1564,"[0.4526590176710974, 0.8344155842742709]",17,33
1537,"[0.13991913137723663, 0.8852813851885077]",27,54
1730,"[0.5007902136653155, 0.7662337659980771]",14,27
2084,"[0.1707887769117649, 0.93939393931005]",29,58
1949,"[0.17358018102668887, 0.8679653678265511]",26,51
367,"[0.25553662691155576, 0.09740259744953549]",22,43
486,"[0.5396235709489166, 0.7781385281170564]",12,22
1407,"[0.4111368814324351, 0.0075757575862437435]",14,26
871,"[0.6610291250182252, 0.7489177489437147]",7,13
892,"[0.6342850105747492, 0.06277056272562205]",3,4
364,"[0.28620102214094245, 0.0909090908811278]",20,39
1021,"[0.8292933232015414, 0.7911255409462776]",2,3
1374,"[0.8175735309223383, 0.742424242375307]",2,3
2119,"[0.6979536544742183, 0.8852813851885077]",9,17
1292,"[0.08041706861818093, 0.09740259744953549]",30,58
1538,"[0.1504689969506757, 0.8831168828452415]",28,54
419,"[0.3119599351372396, 0.07575757586243743]",19,37
997,"[0.5069887728105882, 0.814935064876642]",14,26
224,"[0.07261755711030465, 0.13311688303748784]",30,59
1372,"[0.797500051315752, 0.743506493393143]",2,4
914,"[0.4516122411280009, 0.08441558446651723]",11,22
230,"[0.036226678441846044, 0.8582251082046353]",30,60
397,"[0.5768354508379414, 0.054112554121542256]",5,9
1451,"[0.6703269637288424, 0.057359307482644666]",2,3
917,"[0.43096406066993487, 0.08766233767382252]",12,26
1988,"[0.5334865868995614, 0.7987012985325214]",12,22
573,"[0.4080376018525068, 0.08874458869165856]",15,29
2035,"[0.4923339011926533, 0.07683982688027349]",9,16
2292,"[0.851398780812987, 0.835497835445904]",4,8
1502,"[0.23813140124264195, 0.08333333344868118]",23,44
487,"[0.5517333388064302, 0.7770562767916261]",12,22
1609,"[0.5970320806217793, 0.034632034723913435]",4,7
1202,"[0.5186675150404301, 0.0909090908811278]",8,14
2277,"[0.6334434843222104, 0.8419913418605146]",11,22
1520,"[0.0649617208262362, 0.09956709948520759]",30,60
1678,"[0.16253771474424428, 0.04329004332799323]",27,54
2103,"[0.4593912276039046, 0.9015151512250342]",20,39
1740,"[0.6255618727010278, 0.7402597403396348]",9,17
352,"[0.3973030110204826, 0.06818181796859943]",14,27
1221,"[0.43174401182655603, 0.09956709948520759]",13,26
713,"[0.7590771946424341, 0.7564935063761613]",3,6
1571,"[0.5269596272718958, 0.825757575670191]",12,23
654,"[0.20151474723706922, 0.8409090908426785]",25,49
614,"[0.19494673754545847, 0.10497835503577924]",25,49
775,"[0.28603682189974594, 0.05844155850048072]",20,39
2009,"[0.7880790624132995, 0.7662337659980771]",3,6
445,"[0.040783235160570086, 0.8820346318274054]",30,60
554,"[0.4768785534007086, 0.08333333344868118]",11,20
556,"[0.47031054370909786, 0.08333333344868118]",11,21
1999,"[0.6615012007098421, 0.7770562767916261]",6,12
1264,"[0.2837380185084114, 0.10389610386414605]",22,42
588,"[0.3528047453937273, 0.08874458869165856]",18,34
1037,"[0.5771228012563893, 0.06277056272562205]",5,9
1605,"[0.6309599556722907, 0.034632034723913435]",2,4
973,"[0.17397015660499948, 0.8625541124297765]",26,51
38,"[0.3009379938867675, 0.8917748917569155]",22,42
1274,"[0.23066029023174253, 0.10389610386414605]",24,46
734,"[0.5909977217177029, 0.048701298570970615]",4,7
1827,"[0.3328338909324197, 0.8203463201196194]",21,42
1106,"[0.07458796001924627, 0.8733766233771227]",29,58
953,"[0.08236694649515, 0.11580086582932826]",30,59
1078,"[0.1983744176077797, 0.1093073594147177]",25,48
373,"[0.19180640791616896, 0.11471861465769508]",26,51
138,"[0.5396646209982777, 0.08225108212325087]",7,14
1284,"[0.1473697173707474, 0.09956709948520759]",28,54
1206,"[0.49387327845933926, 0.09415584424223021]",9,17
1627,"[0.45378789434208405, 0.04004329012068795]",12,22
536,"[0.5555920444964232, 0.07575757586243743]",7,13
548,"[0.4984914102739809, 0.08225108212325087]",9,17
1754,"[0.8305042999858344, 0.7164502164092704]",2,3
1001,"[0.5575829724373373, 0.8095238093260704]",12,22
1226,"[0.41503663718637324, 0.10064935050304365]",14,27
613,"[0.20305412450375515, 0.10281385284631]",25,48
1601,"[0.6664682580388492, 0.032467532534444205]",2,2
1864,"[0.6432133987390283, 0.11255411262202297]",2,3
1409,"[0.39397795611802405, 0.006493506260813435]",15,29
817,"[0.07641468771896397, 0.8571428571867992]",29,58
1576,"[0.5807762566412408, 0.8192640691017833]",11,20
1395,"[0.5132078569878334, 0.015151515172487487]",8,14
2162,"[0.5839986863984205, 0.11363636363985903]",7,13
1347,"[0.5485519591131955, 0.7662337659980771]",11,22
1010,"[0.6828267071646665, 0.7976190475146853]",6,11
1752,"[0.7989983785330766, 0.7164502164092704]",2,4
514,"[0.6767512982112291, 0.06601731608672447]",2,4
68,"[0.4971778083444091, 0.8484848484289222]",14,26
538,"[0.5447958785684813, 0.07792207789810954]",7,14
1413,"[0.3567455511970266, 0.00216450234326636]",17,33
1072,"[0.25165739618959015, 0.10173160182847395]",22,43
1069,"[0.278545185856874, 0.09740259744953549]",21,40
2127,"[0.8271381950340146, 0.8831168828452415]",6,11
310,"[0.7439707723502709, 0.7943722941535829]",4,6
841,"[0.32394655281750184, 0.7716450215486488]",20,39
701,"[0.6115227519985177, 0.7781385281170564]",9,17
1046,"[0.48919357156336385, 0.0703463203118658]",9,17
1196,"[0.5655877342357714, 0.08658008665598646]",6,11
702,"[0.6239814453703968, 0.7770562767916261]",8,15
829,"[0.21187988752275538, 0.8062770561187651]",25,48
126,"[0.5921676484526348, 0.0790043289159456]",5,9
1607,"[0.6138010303578797, 0.034632034723913435]",3,6
670,"[0.3715235729922129, 0.8116883115155396]",19,37
1900,"[0.2918659304986806, 0.12229437224393883]",20,39
221,"[0.09786334435103983, 0.12770562779451047]",29,58
453,"[0.1414379836265339, 0.8452380950678199]",28,55
150,"[0.4935859280408914, 0.08549783563815042]",10,19
1184,"[0.8327620533278077, 0.7391774890142045]",2,3
1247,"[0.345333634368244, 0.10281385284631]",19,37
780,"[0.24995381869629166, 0.057359307482644666]",23,44
1704,"[0.17429855708739242, 0.8344155842742709]",26,51
550,"[0.4906713737341321, 0.08333333344868118]",10,19
1018,"[0.7934360953206173, 0.7922077922717079]",4,7
2273,"[0.5786211284591302, 0.8506493503107972]",14,26
628,"[0.09927957144047438, 0.11580086582932826]",29,57
2143,"[0.7239793928715748, 0.10497835503577924]",3,4
1979,"[0.436444243754504, 0.8181818179301501]",16,32
1415,"[0.33759569795628536, 0.0]",17,34
593,"[0.3304735124451675, 0.08982683970949462]",19,38
1364,"[0.7184992097870055, 0.7456709955826123]",4,7
2187,"[0.40290634428230315, 0.1255411254512441]",18,34
265,"[0.3387040495952995, 0.8138528138588059]",20,39
228,"[0.03840233164134532, 0.14177489164156765]",31,61
300,"[0.6445885757645177, 0.7932900431357468]",7,13
1882,"[0.460212228809887, 0.11580086582932826]",10,19
1205,"[0.4995792368810225, 0.09415584424223021]",9,17
1131,"[0.30494037478598446, 0.8062770561187651]",22,43
399,"[0.5499066111067125, 0.05519480513937831]",6,11
2183,"[0.42973255885366934, 0.12445887443340806]",15,29
1339,"[0.4667186634055801, 0.7792207791348925]",15,29
203,"[0.22518010714717338, 0.11038961027875661]",24,47
348,"[0.4316003366027482, 0.061688311707786]",12,23
1006,"[0.6204716651947693, 0.8030303030652569]",9,17
1696,"[0.08560990128430224, 0.8517316016362275]",30,59
855,"[0.46341413353509414, 0.7489177489437147]",15,29
61,"[0.44165760143801397, 0.8603896102403074]",15,30
1082,"[0.16309189056375134, 0.11147186129659267]",26,54
1275,"[0.22417438065343806, 0.10389610386414605]",24,46
2134,"[0.9310358982745468, 0.8820346318274054]",2,4
383,"[0.07144763038995677, 0.14610389617430322]",29,57
912,"[0.4650971860255879, 0.08225108212325087]",11,21
1554,"[0.33837564909832263, 0.8538961039794939]",20,39
1104,"[0.05724430943166621, 0.8798701296379362]",30,59
268,"[0.3657560394891959, 0.8106060606515006]",20,38
1180,"[0.7834198805492967, 0.742424242375307]",3,4
1550,"[0.296730362682409, 0.8582251082046353]",22,43
1813,"[0.14478356356096497, 0.8409090908426785]",28,55
792,"[0.1704398513973994, 0.054112554121542256]",26,51
99,"[0.7930461197423068, 0.8181818179301501]",3,6
183,"[0.3468730116349299, 0.09740259744953549]",19,37
261,"[0.3016768949794436, 0.8181818179301501]",22,44
2248,"[0.33082243795953303, 0.9253246751553986]",24,46
159,"[0.4585702263979222, 0.08874458869165856]",12,23
2128,"[0.8418546417332833, 0.8820346318274054]",5,8
900,"[0.5673528868395714, 0.06926406929402974]",6,11
2192,"[0.368773218941234, 0.1255411254512441]",20,38
886,"[0.8568584388655837, 0.7673160173235074]",2,2
651,"[0.17171240327761, 0.8474025974110863]",27,52
1083,"[0.15436875269002995, 0.11255411262202297]",26,51
1132,"[0.3135608874998431, 0.804112554083093]",22,42
1885,"[0.4345148909095075, 0.1168831168471643]",11,22
559,"[0.4604995792429188, 0.08441558446651723]",12,22
860,"[0.5177644137065576, 0.7467532466004483]",12,23
83,"[0.6295232035508836, 0.826839826688027]",9,17
1698,"[0.10769483384919146, 0.8474025974110863]",29,57
1580,"[0.6243508959167349, 0.8127705625333757]",9,16
339,"[0.5068245725693917, 0.049783549588806666]",9,17
491,"[0.6002955604283201, 0.772727272874079]",9,17
105,"[0.8559758625636836, 0.8192640691017833]",2,2
2099,"[0.4091254284595484, 0.9069264067756059]",20,40
2047,"[0.38646579504317957, 0.07792207789810954]",15,29
921,"[0.39527103301562333, 0.0909090908811278]",15,29
1231,"[0.3949015824838692, 0.10064935050304365]",15,29
1719,"[0.35645820077857876, 0.7965367964968493]",20,39
779,"[0.25588555242592126, 0.057359307482644666]",23,44
706,"[0.6726257671201769, 0.7694805192053824]",7,14
1444,"[0.07553211141706394, 0.057359307482644666]",30,58
576,"[0.397426161197734, 0.08874458869165856]",15,29
1422,"[0.27755998440969515, 0.001082251017836051]",21,42
1427,"[0.23302066870441082, 0.008658008604079795]",24,46
1282,"[0.16434391741198942, 0.10064935050304365]",26,51
423,"[0.2656965169066842, 0.08008658008757877]",22,43
1387,"[0.5936249255914305, 0.020562770723059128]",4,7
814,"[0.0468996941779526, 0.8690476189981843]",30,59
331,"[0.5771228012563893, 0.04329004332799323]",4,7
1795,"[0.14724656719349602, 0.08549783563815042]",26,52
1859,"[0.8501672789967215, 0.7867965367211363]",2,3
1714,"[0.2982286898851498, 0.8095238093260704]",23,44
134,"[0.5561667453479029, 0.08116883110541483]",7,13
1847,"[0.6226678434408249, 0.7987012985325214]",9,17
2111,"[0.5732230455024512, 0.8928571426209544]",14,27
709,"[0.708482995001101, 0.764069263962405]",6,11
471,"[0.3615689333168099, 0.7987012985325214]",20,39
2243,"[0.28402536894144315, 0.9448051945530275]",25,49
1710,"[0.24777816546762454, 0.8203463201196194]",24,48
92,"[0.7157488557214428, 0.8203463201196194]",6,11
436,"[0.10196835041011953, 0.10064935050304365]",28,55
2095,"[0.3452310092229651, 0.9134199133440135]",24,47
1585,"[0.67913220171587, 0.8073593072903983]",5,10
1380,"[0.6654625315596979, 0.025974025966036512]",2,3
1780,"[0.35828492847829646, 0.07359307351917108]",15,30
12,"[0.1258594856427539, 0.9199134199124213]",28,55
211,"[0.16951622503155425, 0.1168831168471643]",26,51
54,"[0.398308737499634, 0.8712121210338564]",18,34
2227,"[0.17091192710360018, 0.990259740224287]",28,55
1916,"[0.1191478007419192, 0.13528138522695707]",28,55
387,"[0.028057716387631715, 0.15692640696785226]",30,60
1677,"[0.16972147533669582, 0.041125541138524]",26,52
2294,"[0.8941113688185537, 0.835497835445904]",3,6
922,"[0.3856037437732521, 0.0930735929167999]",15,29
1686,"[0.10404137846433999, 0.051948051932073025]",30,59
616,"[0.1814002175665377, 0.10606060605361528]",25,49
620,"[0.15428665257672367, 0.1093073594147177]",27,53
629,"[0.09234211120252557, 0.1168831168471643]",30,58
750,"[0.4590833521534842, 0.057359307482644666]",11,21
578,"[0.3903655507971177, 0.08874458869165856]",15,29
2274,"[0.5919829231794658, 0.8484848484289222]",12,26
631,"[0.0772151638929738, 0.12012987020826672]",30,59
882,"[0.8076188912323514, 0.764069263962405]",2,3
168,"[0.4192442683907318, 0.09199134189896385]",14,26
794,"[0.15746803226995826, 0.051948051932073025]",27,53
597,"[0.30978428193774027, 0.09199134189896385]",20,39
1736,"[0.5751523983474477, 0.7521645021510199]",11,21
978,"[0.2378851008881392, 0.8517316016362275]",24,48
1379,"[0.67560189650827, 0.027056276983872564]",2,2
1544,"[0.2238870302349902, 0.8701298700160203]",25,48
2206,"[0.26194043636197, 0.12987012967638545]",25,49
1937,"[0.07711253874769496, 0.8939393936387905]",29,57
1195,"[0.5744340222867441, 0.08549783563815042]",6,11
2234,"[0.21832474703711474, 0.9707792208266582]",28,55
1784,"[0.3061103015209163, 0.07575757586243743]",19,37
662,"[0.2826091418520086, 0.825757575670191]",23,45
2188,"[0.3961125592681622, 0.1255411254512441]",18,34
768,"[0.3300835368814408, 0.05952380951831677]",19,37
1463,"[0.5688922641208413, 0.06385281405105236]",6,11
1657,"[0.2916401551761504, 0.03787878777742159]",22,42
663,"[0.3044272490304225, 0.8214285714450497]",22,43
852,"[0.4323802877593694, 0.7521645021510199]",17,33
958,"[0.018575152403845583, 0.9166666665513188]",30,60
249,"[0.20151474723706922, 0.8290043287236992]",26,52
769,"[0.32351552718983007, 0.05952380951831677]",19,37
60,"[0.4352127419382385, 0.8625541124297765]",17,32
2223,"[0.14759549270786151, 1.0]",30,59
1584,"[0.6680281603375078, 0.8084415583082343]",7,13
282,"[0.4837339135107672, 0.7987012985325214]",15,29
1216,"[0.44949816300983536, 0.09956709948520759]",12,23
966,"[0.09804806962420885, 0.8852813851885077]",29,56
1729,"[0.4885778206479391, 0.7694805192053824]",15,28
1441,"[0.10065474846596383, 0.04761904770693169]",29,57
442,"[0.03275794831557969, 0.11580086582932826]",31,62
1433,"[0.17657683544675445, 0.02380952393036441]",26,51
1645,"[0.352681595201892, 0.03896103879525764]",17,33
1088,"[0.11101988875164998, 0.1168831168471643]",28,56
2164,"[0.5621190041240889, 0.11471861465769508]",9,17
1872,"[0.55848607377121, 0.11255411262202297]",5,9
303,"[0.6726462921521494, 0.7932900431357468]",6,11
2108,"[0.5284169044106916, 0.8961038959820569]",15,29
2189,"[0.3893187742394373, 0.1255411254512441]",19,34
873,"[0.6855154861343118, 0.7510822511331839]",6,11
2289,"[0.7950780977325821, 0.8333333332564348]",7,13
260,"[0.2926048315913567, 0.8192640691017833]",22,43
895,"[0.6082182221280317, 0.06601731608672447]",4,7
1968,"[0.3307813879101718, 0.8376623374815761]",20,39
727,"[0.6500892838810595, 0.04329004332799323]",2,3
2053,"[0.32952936106193376, 0.07792207789810954]",18,36
2085,"[0.18665462531399274, 0.9361471859489476]",29,57
1876,"[0.5159376860068399, 0.11363636363985903]",7,13
1812,"[0.13207856981999916, 0.8419913418605146]",28,55
1557,"[0.3735966010610173, 0.8441558440499838]",19,37
1383,"[0.6353523121498182, 0.02380952393036441]",2,4
50,"[0.37437655220305455, 0.877705627602264]",19,37
547,"[0.5025143162051705, 0.08116883110541483]",9,17
2194,"[0.3539746721140752, 0.1266233767766744]",20,40
535,"[0.5598612507966995, 0.07575757586243743]",7,13
1824,"[0.28917715154361934, 0.8235930734807217]",23,44
2021,"[0.6331150838398174, 0.08333333344868118]",2,3
1290,"[0.09716549332230882, 0.09848484846737154]",30,58
1924,"[0.05478130579913517, 0.13852813858805949]",30,59
1035,"[0.5953490281458693, 0.061688311707786]",4,7
425,"[0.2424621826388358, 0.08333333344868118]",23,45
417,"[0.33490691898664016, 0.07359307351917108]",19,34
1671,"[0.2094989840181145, 0.03787878777742159]",25,49
1,"[0.024630036325310453, 0.9502164501035991]",30,60
889,"[0.661131750163504, 0.06060606053615282]",2,2
1353,"[0.6040721660050069, 0.7586580084118334]",9,17
386,"[0.03887440734754612, 0.1547619046245859]",31,60
2139,"[0.7549927136153269, 0.10389610386414605]",8,4
1648,"[0.33751359782839513, 0.03896103879525764]",19,37
177,"[0.3778452823293209, 0.09523809526006626]",17,32
2151,"[0.6682334106426493, 0.1071428573790456]",5,9
513,"[0.6830114324378356, 0.06601731608672447]",2,2
537,"[0.5501734365077717, 0.07683982688027349]",7,13
2091,"[0.29281008189649826, 0.9199134199124213]",26,51
439,"[0.0670963239763743, 0.10822510839688164]",30,59
362,"[0.3059666262971084, 0.08549783563815042]",19,38
1839,"[0.49243652633793217, 0.8084415583082343]",14,27
116,"[0.6484678064864833, 0.07792207789810954]",2,4
899,"[0.5753576486525892, 0.06818181796859943]",6,11
337,"[0.5239834978692188, 0.04761904770693169]",7,13
2137,"[0.9817327230465748, 0.8841991341706718]",2,3
714,"[0.7723363641883231, 0.754329004186692]",3,6
435,"[0.11370866772129515, 0.09740259744953549]",28,55
2018,"[0.6662014326377901, 0.08549783563815042]",2,3
31,"[0.25393567456353605, 0.8993506491893621]",23,45
773,"[0.29843394019029135, 0.05952380951831677]",20,39
1356,"[0.6321914574885562, 0.7554112552045281]",9,17
1457,"[0.6221957677346241, 0.06060606053615282]",3,4
408,"[0.43790152090788365, 0.06493506506888841]",12,22
1126,"[0.2461361630556598, 0.8203463201196194]",24,46
2291,"[0.8372570349506142, 0.8344155842742709]",6,11
1836,"[0.4511812154857452, 0.8116883115155396]",17,32
2218,"[0.16069046202713794, 0.13311688303748784]",30,58
294,"[0.5893351942737657, 0.7932900431357468]",9,17
306,"[0.7011145091500643, 0.7943722941535829]",6,11
1661,"[0.2696988978059012, 0.03571428574174949]",22,43
147,"[0.5048541696604502, 0.08441558446651723]",9,17
1629,"[0.4420475770163246, 0.03896103879525764]",12,23
791,"[0.18320642023428285, 0.05519480513937831]",26,52
1397,"[0.49553580591786045, 0.014069264154651435]",9,17
1722,"[0.3937111307315488, 0.7900432899284415]",19,37
1547,"[0.25514665134782905, 0.8636363634476126]",24,48
479,"[0.4557582972510257, 0.7867965367211363]",15,29
789,"[0.19578826378341338, 0.05627705615721436]",25,49
1103,"[0.04848012150858363, 0.8831168828452415]",30,59
1237,"[0.37692165596347577, 0.10281385284631]",16,32
626,"[0.11313396686981553, 0.11471861465769508]",28,55
643,"[0.09215738592935654, 0.8744588742411616]",29,57
40,"[0.3132324870174502, 0.8896103894136491]",22,42
1525,"[0.0118224174390658, 0.9220779219480933]",30,60
457,"[0.1877629769530069, 0.8322510822385987]",26,52
231,"[0.04441616551344901, 0.8560606058613689]",30,60
1167,"[0.6397446686273458, 0.7521645021510199]",7,14
81,"[0.610393875327531, 0.8300865800491295]",9,17
74,"[0.5440364524584167, 0.8398268395172482]",11,22
102,"[0.824244165759228, 0.8181818179301501]",2,3
557,"[0.46704706388797307, 0.08333333344868118]",11,22
1622,"[0.4851296155682292, 0.03896103879525764]",10,19
229,"[0.027811416018545046, 0.8614718612581433]",30,60
2235,"[0.22544693253364867, 0.9686147184833919]",28,55
822,"[0.13029289218422657, 0.835497835445904]",28,54
1142,"[0.40146959217547995, 0.7867965367211363]",17,34
926,"[0.34654461115253693, 0.09632034643169944]",17,32
542,"[0.5239834978692188, 0.0790043289159456]",9,16
1293,"[0.0722481065639666, 0.09740259744953549]",30,59
508,"[0.8435992693051108, 0.7673160173235074]",2,2
1819,"[0.2199256993851344, 0.8311688309131684]",25,49
1404,"[0.43584901787105185, 0.008658008604079795]",12,22
1972,"[0.36655651567778963, 0.8311688309131684]",19,38
1965,"[0.30584347611985707, 0.8419913418605146]",20,39
234,"[0.06910777693467711, 0.8506493503107972]",30,59
1834,"[0.4241292255918488, 0.8138528138588059]",17,34
1371,"[0.7874427864804862, 0.7413419913574709]",3,6
1976,"[0.4055540731880032, 0.8235930734807217]",17,34
2229,"[0.18197491841801733, 0.9859307356915514]",29,57
2296,"[0.9234211120398396, 0.83658008646374]",3,6
1852,"[0.6993904065956255, 0.7965367964968493]",6,10
1280,"[0.18833767780448651, 0.10173160182847395]",25,49
463,"[0.2572812544979671, 0.8181818179301501]",24,47
1759,"[0.6498840335759178, 0.05952380951831677]",2,2
993,"[0.45666139857031435, 0.8203463201196194]",17,32
2170,"[0.5189138153949329, 0.11796536786500036]",11,21
1726,"[0.4485540116120177, 0.7781385281170564]",17,33
1139,"[0.3748486279092553, 0.7922077922717079]",19,37
284,"[0.5008312637292606, 0.7987012985325214]",14,26
1770,"[0.5005849633601739, 0.06493506506888841]",9,17
447,"[0.06650109809292214, 0.8712121210338564]",30,59
1007,"[0.6328277334213696, 0.8030303030652569]",9,17
983,"[0.2968329878276878, 0.8409090908426785]",22,43
1929,"[0.01479854682715882, 0.9155844153796856]",30,59
1684,"[0.11900412553269528, 0.049783549588806666]",28,55
65,"[0.4685248660733253, 0.8549783548435328]",15,28
59,"[0.4288294575197968, 0.8625541124297765]",16,34
1863,"[0.6542148149721116, 0.11363636363985903]",2,2
256,"[0.2602779089180327, 0.8225108224628858]",23,46
1434,"[0.16641694546620986, 0.027056276983872564]",26,51
1458,"[0.6143552061773867, 0.06060606053615282]",4,7
867,"[0.5995771843822004, 0.7467532466004483]",9,17
1541,"[0.19254530900884506, 0.876623376584428]",26,51
1901,"[0.28154184027693957, 0.123376623415572]",20,39
2078,"[0.11896307546875018, 0.08766233767382252]",29,57
1340,"[0.47581125182563955, 0.7770562767916261]",15,29
644,"[0.10211202561934346, 0.8712121210338564]",28,55
1998,"[0.6482215061319806, 0.7792207791348925]",7,14
2112,"[0.5885347180851719, 0.8928571426209544]",13,26
2050,"[0.3582028283504063, 0.07792207789810954]",17,33
2171,"[0.5117711048664264, 0.11796536786500036]",11,21
632,"[0.06910777693467711, 0.12121212122610277]",30,59
802,"[0.10133207446272227, 0.05519480513937831]",29,57
2080,"[0.10311775209849487, 0.08874458869165856]",30,59
35,"[0.2816034153728572, 0.8950216449642208]",23,45
1166,"[0.628435376943842, 0.753246753168856]",9,17
1632,"[0.4252581022628355, 0.04004329012068795]",14,26
1437,"[0.1361630508471063, 0.03571428574174949]",28,55
676,"[0.419654768986431, 0.804112554083093]",17,33
1509,"[0.17503745818006852, 0.08874458869165856]",26,51
656,"[0.22130087642520777, 0.83658008646374]",25,49
20,"[0.17928613944837216, 0.9080086581010361]",26,51
1179,"[0.7713922128050893, 0.742424242375307]",3,6
623,"[0.1338026723598541, 0.11147186129659267]",28,54
370,"[0.2241128055721043, 0.1071428573790456]",23,46
2133,"[0.9161963013980268, 0.8809523808095693]",2,3
808,"[0.05135362575139782, 0.06277056272562205]",31,60
251,"[0.21961782393471402, 0.826839826688027]",25,48
1029,"[0.6512592106014073, 0.05844155850048072]",2,3
1614,"[0.5569466964899401, 0.03679653675958554]",6,11
164,"[0.4361363683040836, 0.08982683970949462]",13,26
730,"[0.6242482707714561, 0.04653679668909564]",3,6
1887,"[0.417232815432429, 0.1168831168471643]",12,23
1783,"[0.31918474579363626, 0.07467532484460139]",19,36
1817,"[0.19506988773729375, 0.8344155842742709]",26,52
199,"[0.2521089468638184, 0.1071428573790456]",23,44
209,"[0.1834937706527307, 0.11471861465769508]",26,52
289,"[0.5445085281500335, 0.7965367964968493]",12,22
2244,"[0.29137332977509117, 0.9415584413457222]",25,49
1546,"[0.24463783583833507, 0.866883116808715]",24,47
749,"[0.46756018965811896, 0.05627705615721436]",10,20
1164,"[0.6060836189778935, 0.7554112552045281]",9,17
409,"[0.4264485540151559, 0.06601731608672447]",12,23
1577,"[0.5915313725052375, 0.8170995669123141]",9,17
23,"[0.19769709161102128, 0.9058441557577698]",25,52
205,"[0.21144886189508358, 0.11038961027875661]",25,49
189,"[0.3133145871453404, 0.10064935050304365]",20,39
1125,"[0.23638677367081445, 0.8225108224628858]",24,47
341,"[0.48991194762406737, 0.051948051932073025]",9,17
642,"[0.08214117115803589, 0.877705627602264]",29,57
2060,"[0.26949364750075966, 0.08008658008757877]",22,42
2077,"[0.12688573715387785, 0.08766233767382252]",28,56
2159,"[0.6091828985432379, 0.11147186129659267]",7,13
1699,"[0.11865520001832978, 0.8452380950678199]",28,55
907,"[0.5097391268615671, 0.07575757586243743]",9,17
1883,"[0.45159171609602833, 0.11580086582932826]",10,20
1455,"[0.6381437162647422, 0.05952380951831677]",2,3
532,"[0.573181995438506, 0.07359307351917108]",6,10
830,"[0.22097247594281483, 0.8030303030652569]",25,49
835,"[0.26719484410942507, 0.7889610389106055]",24,46
976,"[0.2119004125547279, 0.8549783548435328]",25,49
82,"[0.6206358654359657, 0.8279220777058631]",9,17
708,"[0.6963321770942261, 0.7662337659980771]",6,11
1987,"[0.5225467457623957, 0.8008658007219905]",12,22
52,"[0.3866710453337372, 0.8744588742411616]",19,37
772,"[0.3045503992076739, 0.05952380951831677]",20,39
641,"[0.07204285625882503, 0.8820346318274054]",30,58
1480,"[0.4298557090309207, 0.07359307351917108]",12,23
720,"[0.855729562194597, 0.7499999998077536]",2,2
1113,"[0.13402844769696823, 0.8528138526540636]",28,55
391,"[0.6486114816957073, 0.050865800914236974]",2,2
1598,"[0.8472116746406011, 0.7954545454790132]",2,3
139,"[0.5356622401136446, 0.08225108212325087]",8,14
1854,"[0.730711602804382, 0.7943722941535829]",5,8
1672,"[0.20309517456770024, 0.03896103879525764]",25,49
562,"[0.4492518626407487, 0.08549783563815042]",12,23
95,"[0.7493483302895613, 0.8192640691017833]",4,7
2199,"[0.31370456270906705, 0.12770562779451047]",22,44
1826,"[0.31819954434645736, 0.8214285714450497]",22,43
1469,"[0.5232651218230993, 0.06709956695076338]",7,14
665,"[0.32587590566249836, 0.8192640691017833]",21,42
1612,"[0.572627819618999, 0.03571428574174949]",6,11
1227,"[0.40809917694842446, 0.10064935050304365]",15,29
2027,"[0.5690154142980925, 0.0790043289159456]",6,11
609,"[0.23443689579384538, 0.09956709948520759]",24,47
1991,"[0.5669834362932333, 0.7922077922717079]",10,20
1682,"[0.13390529751971683, 0.04761904770693169]",28,55
172,"[0.4015311672568137, 0.09415584424223021]",15,29
1355,"[0.6227909936180763, 0.7564935063761613]",9,17
1692,"[0.051784651379069596, 0.06385281405105236]",30,60
1244,"[0.35514459883442306, 0.10281385284631]",17,34
1512,"[0.1383797541105507, 0.0909090908811278]",28,54
1468,"[0.5309414831391402, 0.06601731608672447]",7,14
1283,"[0.15594918002066097, 0.10064935050304365]",26,51
1953,"[0.2053118778311446, 0.8614718612581433]",25,49
1038,"[0.5680507378683024, 0.06277056272562205]",6,11
1368,"[0.7575788674251093, 0.743506493393143]",3,6
1305,"[0.11553539542101283, 0.8463203463932502]",28,56
1939,"[0.09283471194069891, 0.8896103894136491]",28,55
161,"[0.449559738105753, 0.08874458869165856]",12,23
932,"[0.29083967898755664, 0.10389610386414605]",20,39
1634,"[0.41468771167200774, 0.04004329012068795]",14,27
1256,"[0.3145871390109671, 0.10281385284631]",20,39
1229,"[0.40130539191969955, 0.10064935050304365]",15,29
1618,"[0.5196116664236639, 0.03787878777742159]",8,14
1294,"[0.06399704439644599, 0.09740259744953549]",30,58
1650,"[0.3276821083302435, 0.03896103879525764]",19,38
421,"[0.2888487510466425, 0.07792207789810954]",20,39
1755,"[0.8463906734200348, 0.7164502164092704]",2,2
287,"[0.5268775271440056, 0.7965367964968493]",12,23
1194,"[0.5835881857881373, 0.08549783563815042]",4,7
2230,"[0.18763982677575552, 0.9826839826380432]",28,55
17,"[0.1599720859664344, 0.9123376620185832]",27,54
1575,"[0.5699390406639377, 0.8203463201196194]",11,21
1996,"[0.6236735699199764, 0.7824675323421978]",8,14
1094,"[0.05929681246849802, 0.12229437224393883]",30,59
131,"[0.5692206646032342, 0.08008658008757877]",6,11
1337,"[0.44836928633884865, 0.7813852813243617]",16,31
488,"[0.5639046817598615, 0.7759740257737902]",11,21
1375,"[0.8276718458215492, 0.7413419913574709]",2,4
136,"[0.5478335830524921, 0.08225108212325087]",7,13
2001,"[0.6882042651039569, 0.773809523738118]",6,11
530,"[0.582254058826593, 0.07251082250133503]",5,8
2087,"[0.21801687157211044, 0.9307359307059703]",28,55
212,"[0.16251718971227172, 0.1168831168471643]",28,54
1503,"[0.22924406314230797, 0.08441558446651723]",24,47
1936,"[0.06939512736770888, 0.8961038959820569]",30,58
275,"[0.4242729008010727, 0.804112554083093]",17,34
89,"[0.6843250343819913, 0.8235930734807217]",6,11
751,"[0.4514069908228593, 0.05844155850048072]",11,21
1768,"[0.5269801522892844, 0.06277056272562205]",7,14
299,"[0.6353523121498182, 0.7932900431357468]",8,15
2264,"[0.4782947804901432, 0.8744588742411616]",17,34
1508,"[0.18413004660012797, 0.08874458869165856]",25,49
1973,"[0.3760596046935483, 0.8290043287236992]",19,37
603,"[0.275055930713219, 0.09523809526006626]",22,42
1769,"[0.513741507775368, 0.06277056272562205]",7,14
988,"[0.38882617351584786, 0.8290043287236992]",19,38
1214,"[0.4572155743898214, 0.09848484846737154]",12,22
1762,"[0.6083003222413379, 0.06060606053615282]",4,7
1198,"[0.5487777344503098, 0.08874458869165856]",6,11
1144,"[0.41926479342270434, 0.7835497836676281]",17,33
104,"[0.8452207466996869, 0.8181818179301501]",2,4
1902,"[0.2716693007148428, 0.12445887443340806]",20,39
217,"[0.12696783728176803, 0.12229437224393883]",28,55
46,"[0.3500543913281645, 0.8820346318274054]",20,39
1913,"[0.1447425134970199, 0.13419913420912102]",26,51
1596,"[0.8244699410963421, 0.7965367964968493]",2,4
927,"[0.3372672974738924, 0.09740259744953549]",18,34
1110,"[0.10859793518306403, 0.8614718612581433]",28,55
2146,"[0.7022844358704122, 0.10497835503577924]",4,6
2038,"[0.4672317891611421, 0.07575757586243743]",10,20
1919,"[0.09443566428871857, 0.13636363624479314]",28,55
529,"[0.586851665609262, 0.07251082250133503]",6,11
45,"[0.3438968822468369, 0.8841991341706718]",20,39
2013,"[0.8357997577972345, 0.7662337659980771]",2,3
482,"[0.4916155251319498, 0.7824675323421978]",14,27
527,"[0.5961700293518517, 0.07251082250133503]",4,7
449,"[0.0924857864263334, 0.8614718612581433]",29,57
1124,"[0.227848361084846, 0.8246753246523549]",25,49
572,"[0.41154738202813435, 0.08874458869165856]",14,27
111,"[0.6769565485163708, 0.0790043289159456]",2,4
1464,"[0.5613595779994403, 0.06385281405105236]",6,11
2282,"[0.6994930317554882, 0.835497835445904]",9,17
1160,"[0.5662650602471136, 0.7608225107550998]",11,20
1646,"[0.3472629872132405, 0.03896103879525764]",18,34
600,"[0.2928511319604434, 0.0930735929167999]",20,40
1311,"[0.17895773896597922, 0.8311688309131684]",26,51
309,"[0.7328872560038813, 0.7943722941535829]",4,7
834,"[0.2578764803668354, 0.7922077922717079]",24,47
942,"[0.19712239075954166, 0.11038961027875661]",24,47
63,"[0.45487572094912565, 0.8571428571867992]",15,29
1837,"[0.4648303606245287, 0.8106060606515006]",15,29
987,"[0.37472547771742004, 0.8311688309131684]",20,39
1040,"[0.5500913363798815, 0.06493506506888841]",6,11
333,"[0.5590402495907171, 0.04545454567125959]",6,11
1984,"[0.48991194762406737, 0.8073593072903983]",14,26
1652,"[0.31774799368681306, 0.03787878777742159]",20,39
2,"[0.034605201047269926, 0.9469696968962938]",31,60
1095,"[0.05079944993189074, 0.12229437224393883]",30,59
2066,"[0.22072617557372815, 0.08225108212325087]",23,45
143,"[0.5201042671472533, 0.08333333344868118]",9,17
630,"[0.08528150078732538, 0.11904761919043066]",30,59
400,"[0.5365242913689883, 0.05627705615721436]",6,11
1985,"[0.5007696886333429, 0.805194805100929]",13,26
1299,"[0.051517825992594295, 0.865800865790879]",5,56
2076,"[0.13575255023682317, 0.08549783563815042]",28,55
1478,"[0.44565998235181487, 0.07251082250133503]",11,22
1665,"[0.2464850885700253, 0.03571428574174949]",23,45
824,"[0.14829334373659253, 0.8290043287236992]",27,54
1358,"[0.6525317624816179, 0.753246753168856]",7,13
461,"[0.23419059543934262, 0.8225108224628858]",25,49
1933,"[0.046140268067887874, 0.9047619045861366]",30,60
160,"[0.4540547197285594, 0.08874458869165856]",12,22
740,"[0.54290757578743, 0.051948051932073025]",7,13
2105,"[0.4844728146034433, 0.898268398171526]",17,34
1329,"[0.3726113995992545, 0.7943722941535829]",20,38
1898,"[0.3122678106022439, 0.12121212122610277]",19,37
1223,"[0.4252581022628355, 0.09956709948520759]",14,26
84,"[0.6384721167471352, 0.826839826688027]",2,14
2160,"[0.6008292112158546, 0.11255411262202297]",7,14
428,"[0.20736438086797643, 0.08766233767382252]",24,48
290,"[0.55341639128234, 0.7954545454790132]",11,20
2065,"[0.228730937386746, 0.08116883110541483]",22,44
240,"[0.11844994971318822, 0.8409090908426785]",28,55
770,"[0.31709119270744324, 0.05952380951831677]",20,38
402,"[0.5100059522626263, 0.05844155850048072]",8,14
155,"[0.4747850003145156, 0.08766233767382252]",11,21
2024,"[0.6006855360066307, 0.08008658008757877]",3,6
1892,"[0.37137989778298897, 0.1168831168471643]",15,29
296,"[0.6075819461806344, 0.7932900431357468]",9,17
2266,"[0.49871718561109507, 0.8679653678265511]",17,33
280,"[0.4666160382603013, 0.8008658007219905]",15,29
582,"[0.3757927792924891, 0.08874458869165856]",17,33
2158,"[0.6173723856294249, 0.11147186129659267]",7,13
1129,"[0.28525687075770867, 0.8095238093260704]",23,44
1656,"[0.29699718806888425, 0.03787878777742159]",20,39
1213,"[0.4612179553036223, 0.09740259744953549]",12,22
719,"[0.8415057162189178, 0.7499999998077536]",2,2
1849,"[0.6530448882371799, 0.7987012985325214]",7,14
596,"[0.3151618398624467, 0.0909090908811278]",20,39
970,"[0.1390776051392817, 0.8722943720516924]",28,55
699,"[0.5869132406905958, 0.7824675323421978]",9,17
977,"[0.22491328174611414, 0.8538961039794939]",25,49
951,"[0.10426715380145411, 0.11363636363985903]",28,55
427,"[0.21916627327506968, 0.08549783563815042]",24,47
176,"[0.3827507645624105, 0.09523809526006626]",16,32
80,"[0.600439235652128, 0.8311688309131684]",9,17
594,"[0.32552698014813286, 0.08982683970949462]",19,38
1411,"[0.3754849038420687, 0.004329004378938461]",15,29
2201,"[0.29824921491712236, 0.12770562779451047]",23,45
492,"[0.612528478477669, 0.772727272874079]",9,16
1970,"[0.348309763756337, 0.8344155842742709]",20,39
1145,"[0.4281931815869834, 0.7824675323421978]",16,32
1335,"[0.42983518401353205, 0.7846320346854642]",17,33
825,"[0.1573654071100955, 0.825757575670191]",27,53
495,"[0.6740009441456664, 0.7683982683413435]",7,13
800,"[0.11598694608065717, 0.054112554121542256]",29,57
1974,"[0.38572689395050347, 0.8279220777058631]",18,35
848,"[0.39213070340091777, 0.7575757573939973]",18,34
1765,"[0.5672502616942926, 0.061688311707786]",6,11
1219,"[0.43859937193661463, 0.09956709948520759]",12,23
888,"[0.6702653886475086, 0.06060606053615282]",2,2
1830,"[0.37135937275101644, 0.8170995669123141]",19,37
1534,"[0.10818743457278089, 0.8928571426209544]",29,57
1438,"[0.12626998625303704, 0.04004329012068795]",28,55
2242,"[0.2768621333663802, 0.9469696968962938]",25,49
1090,"[0.0937583382919601, 0.11796536786500036]",28,55
1505,"[0.21138728679916594, 0.08549783563815042]",24,47
1750,"[0.769688635282623, 0.7196969696165757]",2,3
410,"[0.4149955871224282, 0.06709956695076338]",13,26
13,"[0.13281747091267526, 0.9177489175691549]",28,55
1360,"[0.6742882945786981, 0.7499999998077536]",7,14
405,"[0.4722604215860669, 0.061688311707786]",10,19
1861,"[0.8877075593681394, 0.7824675323421978]",2,2
952,"[0.09334783769626087, 0.11471861465769508]",29,57
1964,"[0.29654563740923995, 0.8430735930321478]",22,42
975,"[0.19909279366848326, 0.8571428571867992]",26,51
1664,"[0.25235524723290503, 0.03571428574174949]",23,44
216,"[0.1341515978742196, 0.12121212122610277]",28,55
2166,"[0.547648857779323, 0.11580086582932826]",9,17
1709,"[0.2349705465813799, 0.8225108224628858]",24,46
472,"[0.3732476755466518, 0.7976190475146853]",19,37
1344,"[0.5119147800756503, 0.7716450215486488]",13,26
539,"[0.5395004207570813, 0.07792207789810954]",7,14
1146,"[0.437142094783235, 0.7813852813243617]",16,32
991,"[0.4314771864254968, 0.8246753246523549]",17,34
2275,"[0.6055910182397203, 0.8463203463932502]",12,24
1009,"[0.6703680137927874, 0.7987012985325214]",7,14
1261,"[0.29605303668565053, 0.10497835503577924]",20,39
875,"[0.7098581720411743, 0.753246753168856]",6,11
497,"[0.698897805872036, 0.7673160173235074]",6,11
312,"[0.7664251554760821, 0.7954545454790132]",4,6
132,"[0.5648488331576792, 0.08116883110541483]",6,11
252,"[0.22864883725885582, 0.825757575670191]",25,48
1048,"[0.472116746376843, 0.07251082250133503]",11,20
137,"[0.5437285769934124, 0.08225108212325087]",7,14
648,"[0.1417869091263155, 0.8571428571867992]",28,55
595,"[0.3204162476099017, 0.0909090908811278]",20,38
1488,"[0.3655302641520818, 0.07575757586243743]",16,31
585,"[0.36475031301004446, 0.08874458869165856]",17,34
811,"[0.016112148771314536, 0.8820346318274054]",30,60
2048,"[0.3770858562046723, 0.07792207789810954]",15,29
279,"[0.4580776256597489, 0.8019480517398266]",15,29
360,"[0.32515752960179484, 0.08116883110541483]",19,34
1253,"[0.3249728043432097, 0.10281385284631]",19,38
2177,"[0.4699821432267049, 0.12121212122610277]",14,26
1734,"[0.5502350115891055, 0.7564935063761613]",12,22
351,"[0.4059850988302589, 0.06601731608672447]",14,27
1604,"[0.6397036185634007, 0.033549783552280256]",2,3
1476,"[0.4624289320879153, 0.07251082250133503]",11,20
1442,"[0.09221896102527419, 0.050865800914236974]",30,59
1242,"[0.36146630815694714, 0.10281385284631]",17,34
28,"[0.23419059543934262, 0.9015151512250342]",24,47
1738,"[0.6002750354109314, 0.7456709955826123]",9,17
660,"[0.2604010590952841, 0.8311688309131684]",23,45
1291,"[0.08879128096295293, 0.09740259744953549]",30,59
571,"[0.4150571622037619, 0.08874458869165856]",14,27
1323,"[0.31339668725864667, 0.8062770561187651]",22,42
1625,"[0.46604133740882164, 0.03896103879525764]",11,22
1662,"[0.2637671640616877, 0.03679653675958554]",23,44
650,"[0.1617167135382619, 0.8506493503107972]",26,52
869,"[0.6240019704023694, 0.7489177489437147]",9,16
1147,"[0.44619363313934934, 0.7813852813243617]",15,30
891,"[0.6431518236431106, 0.061688311707786]",2,3
1052,"[0.43767574557076955, 0.07683982688027349]",12,23
828,"[0.20276677408530727, 0.8095238093260704]",25,49
2208,"[0.2469571642616422, 0.12987012967638545]",26,51
1513,"[0.12916401551323986, 0.09199134189896385]",28,55
1611,"[0.5806325814320168, 0.03571428574174949]",6,11
2225,"[0.15939738511495477, 0.9945887444494284]",30,59
1400,"[0.46969479279367315, 0.010822510793549026]",10,20
1058,"[0.38162188789142376, 0.08441558446651723]",15,29
598,"[0.30426304878922605, 0.09199134189896385]",20,39
1011,"[0.6952443504871846, 0.7965367964968493]",6,10
861,"[0.5291968555673128, 0.7467532466004483]",12,22
1675,"[0.1833090453795617, 0.04004329012068795]",26,51
91,"[0.7047063894389981, 0.8214285714450497]",5,9
1471,"[0.5071119229878396, 0.06818181796859943]",9,16
790,"[0.18952812955680695, 0.05519480513937831]",26,51
263,"[0.3200467970635637, 0.816017315894478]",20,39
712,"[0.7460027503551302, 0.7575757573939973]",4,7
2215,"[0.18507419798336172, 0.1320346320196518]",28,55
1238,"[0.37390447651143766, 0.10173160182847395]",17,33
149,"[0.4971572833124366, 0.08441558446651723]",9,17
2012,"[0.8236899899397209, 0.7662337659980771]",2,2
2100,"[0.4217483220872079, 0.9058441557577698]",20,39
79,"[0.5906077461393924, 0.8322510822385987]",9,17
1822,"[0.2604831592085904, 0.826839826688027]",24,47
1814,"[0.15742698220601314, 0.8387445884994121]",28,55
998,"[0.5195500913423301, 0.8138528138588059]",13,26
36,"[0.2886640257880574, 0.8939393936387905]",22,44
235,"[0.07735883910219772, 0.8495670994467583]",30,59
1249,"[0.33868352456332695, 0.10281385284631]",19,37
324,"[0.6421050471000141, 0.04004329012068795]",2,4
1781,"[0.34527205927232635, 0.07359307351917108]",17,32
1031,"[0.6323556577297527, 0.05844155850048072]",2,4
1603,"[0.6485499066143735, 0.032467532534444205]",2,4
2271,"[0.5525543400124125, 0.8560606058613689]",14,28
816,"[0.06742472445876725, 0.8603896102403074]",30,59
1049,"[0.4635783337762906, 0.07359307351917108]",11,21
1615,"[0.5492498101419266, 0.03679653675958554]",6,11
396,"[0.5887604934222861, 0.051948051932073025]",6,10
782,"[0.23794667596947291, 0.057359307482644666]",24,46
1700,"[0.12967714128338576, 0.8430735930321478]",28,55
2255,"[0.39169967775866205, 0.9036796535683006]",21,42
2118,"[0.6837092834665666, 0.8852813851885077]",9,17
504,"[0.7861907596322482, 0.765151514980241]",3,4
1992,"[0.5782311528954034, 0.7900432899284415]",9,17
384,"[0.060569364348708646, 0.14935064938160852]",30,59
311,"[0.7551569138565234, 0.7943722941535829]",4,7
1270,"[0.2545103754004318, 0.10281385284631]",23,45
905,"[0.5265901767255577, 0.07359307351917108]",7,14
521,"[0.6341618603829139, 0.06818181796859943]",4,7
1927,"[0.0, 0.9209956709302572]",30,60
1982,"[0.4682990907362111, 0.8116883115155396]",15,28
760,"[0.38494694279388225, 0.06060606053615282]",15,29
190,"[0.307567578659712, 0.10173160182847395]",20,39
1688,"[0.08887338109084311, 0.05519480513937831]",29,57
664,"[0.3152028899263918, 0.8203463201196194]",21,42
1016,"[0.7690318343178371, 0.7922077922717079]",4,6
575,"[0.40089489132400036, 0.08874458869165856]",15,29
316,"[0.8095071940279868, 0.7987012985325214]",2,3
743,"[0.5196321914556364, 0.053030303103706204]",7,14
1878,"[0.4952895055487738, 0.11363636363985903]",8,14
2153,"[0.6549126659862587, 0.10822510839688164]",6,11
1787,"[0.2625561872773947, 0.0790043289159456]",20,39
787,"[0.2079185566874835, 0.05627705615721436]",25,48
1989,"[0.5446316783272849, 0.7965367964968493]",11,22
962,"[0.05792163544300857, 0.8993506491893621]",29,57
27,"[0.22811518647132129, 0.9025974025504645]",24,48
2045,"[0.4106648057262343, 0.07683982688027349]",14,26
1566,"[0.4737382237714191, 0.8322510822385987]",15,28
667,"[0.34576466001049966, 0.814935064876642]",20,39
257,"[0.26826214568449414, 0.8214285714450497]",23,46
2155,"[0.6410582705569177, 0.10822510839688164]",6,11
1597,"[0.8358408078611796, 0.7954545454790132]",2,3
967,"[0.10822848463672598, 0.8820346318274054]",28,55
683,"[0.4574823997908806, 0.7997835497041546]",14,28
689,"[0.49231337616068077, 0.7943722941535829]",13,26
864,"[0.5636994314547199, 0.7467532466004483]",11,21
499,"[0.7237330925024881, 0.7662337659980771]",4,7
42,"[0.32552698014813286, 0.887445887377977]",20,39
992,"[0.44407955502118385, 0.8225108224628858]",17,32
1873,"[0.547648857779323, 0.11255411262202297]",6,11
100,"[0.8034112600279929, 0.8181818179301501]",2,4
1590,"[0.7549106134874367, 0.8019480517398266]",4,7
923,"[0.3756491040832652, 0.09415584424223021]",15,29
1300,"[0.062149791679339664, 0.8625541124297765]",29,58
1786,"[0.2777036596189191, 0.07792207789810954]",20,39
721,"[0.8724574618667523, 0.7499999998077536]",2,2
437,"[0.09026908314830512, 0.10281385284631]",28,55
1101,"[0.030808070438610616, 0.8896103894136491]",30,59
2002,"[0.7016481599230149, 0.7716450215486488]",6,11
1553,"[0.32780525850749487, 0.8538961039794939]",20,39
1911,"[0.1627224400174133, 0.13311688303748784]",26,51
517,"[0.6584634962258314, 0.06709956695076338]",2,4
820,"[0.10334352743560898, 0.8463203463932502]",29,58
1117,"[0.16799737279684088, 0.8419913418605146]",27,52
157,"[0.46704706388797307, 0.08874458869165856]",11,22
1447,"[0.05104575030097741, 0.06709956695076338]",30,59
420,"[0.300404343099233, 0.07683982688027349]",20,39
832,"[0.23934237802693492, 0.7976190475146853]",24,48
1820,"[0.2321791424664559, 0.8300865800491295]",25,49
778,"[0.2618583362486637, 0.057359307482644666]",22,43
503,"[0.7735883910365611, 0.765151514980241]",3,4
1951,"[0.18954865458877948, 0.8636363634476126]",26,51
2276,"[0.6194043636197002, 0.8441558440499838]",12,23
1498,"[0.2815623653089121, 0.08008658008757877]",20,42
1439,"[0.11769052360312347, 0.04220779231015718]",28,55
1809,"[0.09345046284153971, 0.8528138526540636]",30,59
1626,"[0.4598633032955215, 0.03896103879525764]",11,22
1225,"[0.41856694239397335, 0.09956709948520759]",14,27
350,"[0.414585086512145, 0.06493506506888841]",13,26
1619,"[0.5125100059591025, 0.03787878777742159]",9,16
1057,"[0.3916381026627444, 0.08225108212325087]",15,29
636,"[0.03637035365106997, 0.12445887443340806]",31,62
1791,"[0.201945772864741, 0.08116883110541483]",24,47
319,"[0.8610250200059971, 0.8030303030652569]",2,2
2044,"[0.41866956753925216, 0.07683982688027349]",13,26
544,"[0.5149114344957159, 0.08008658008757877]",9,17
356,"[0.36212310913631696, 0.07359307351917108]",16,31
1594,"[0.8017282075520831, 0.7976190475146853]",3,4
2184,"[0.42310297408072484, 0.12445887443340806]",16,32
494,"[0.6493503827883833, 0.7705627705308127]",7,14
2214,"[0.19402311117961335, 0.1320346320196518]",28,55
1689,"[0.07389010899051528, 0.05952380951831677]",30,59
724,"[0.6759713470546079, 0.04004329012068795]",2,3
181,"[0.35756655241759294, 0.09632034643169944]",18,34
2031,"[0.5281911290881613, 0.07792207789810954]",7,13
245,"[0.16592434474262044, 0.8333333332564348]",26,54
167,"[0.4233903244991727, 0.0909090908811278]",14,26
2088,"[0.23353379447455672, 0.928571428516501]",28,55
393,"[0.6244945711259587, 0.050865800914236974]",4,4
1245,"[0.3519426941237998, 0.10281385284631]",18,34
1295,"[0.05578703227828657, 0.09740259744953549]",30,60
1971,"[0.3573407770804788, 0.8322510822385987]",19,37
941,"[0.20685125511241445, 0.1093073594147177]",25,46
1059,"[0.371564623056158, 0.08549783563815042]",16,30
86,"[0.6565957184767526, 0.825757575670191]",7,13
747,"[0.48500646539097786, 0.05627705615721436]",9,17
1181,"[0.7955706984707555, 0.7413419913574709]",3,4
1904,"[0.2309065905862453, 0.12987012967638545]",22,43
1399,"[0.47825373042619806, 0.012987013136815386]",9,17
913,"[0.4583444510608081, 0.08333333344868118]",11,22
1348,"[0.5578087477744516, 0.765151514980241]",11,21
1396,"[0.5043205188729156, 0.014069264154651435]",9,16
1975,"[0.3955583834486551, 0.825757575670191]",19,34
982,"[0.28488742021137065, 0.8430735930321478]",23,44
381,"[0.09330678763231579, 0.1406926406237316]",29,57
1345,"[0.5210073684811258, 0.7705627705308127]",12,23
2193,"[0.36197943392709303, 0.1266233767766744]",20,39
1039,"[0.5590402495907171, 0.06385281405105236]",6,10
510,"[0.702202335742522, 0.06385281405105236]",2,2
1853,"[0.714989429611378, 0.7954545454790132]",5,10
22,"[0.19162168264299995, 0.9058441557577698]",26,51
1555,"[0.3500543913281645, 0.8506493503107972]",20,39
1518,"[0.08316742266915983, 0.09740259744953549]",30,58
188,"[0.3192463208895539, 0.10064935050304365]",20,38
1015,"[0.756757866219127, 0.7932900431357468]",4,6
2082,"[0.1428336856839959, 0.9469696968962938]",30,60
394,"[0.612528478477669, 0.051948051932073025]",4,7
171,"[0.40612877403948283, 0.0930735929167999]",15,29
1654,"[0.307567578659712, 0.03787878777742159]",20,39
75,"[0.5522669895939647, 0.8387445884994121]",11,21
1159,"[0.5567414461993825, 0.761904761926733]",11,20
1563,"[0.4421502021761873, 0.83658008646374]",16,32
10,"[0.1115535395391845, 0.9242424241375625]",28,55
11,"[0.11877835019558117, 0.9220779219480933]",28,55
1401,"[0.46113585517573213, 0.010822510793549026]",11,20
2039,"[0.45898072699362147, 0.07575757586243743]",11,21
827,"[0.17550953387168539, 0.8192640691017833]",26,51
1239,"[0.3708257219634819, 0.10173160182847395]",17,33
2008,"[0.7761745448609274, 0.7662337659980771]",4,6
1443,"[0.08386527369789083, 0.054112554121542256]",29,58
285,"[0.5094517764431192, 0.7976190475146853]",12,26
1448,"[0.04291783831070818, 0.0703463203118658]",31,60
617,"[0.17462695758436927, 0.10606060605361528]",26,51
1504,"[0.22033619999541756, 0.08441558446651723]",24,47
2219,"[0.15250097494095105, 0.13419913420912102]",30,59
2063,"[0.24494571130333936, 0.08008658008757877]",23,45
1150,"[0.4733687732250811, 0.774891774755954]",14,28
2204,"[0.2765132078520147, 0.12878787881234652]",25,48
2178,"[0.46320888324453646, 0.12229437224393883]",14,27
474,"[0.3968104102968932, 0.7954545454790132]",19,34
140,"[0.5317009092637889, 0.08333333344868118]",8,14
1890,"[0.39013977546000356, 0.1168831168471643]",14,26
1190,"[0.6259313232473659, 0.08116883110541483]",3,5
1251,"[0.33188973953460205, 0.10281385284631]",19,37
2030,"[0.5382278688914546, 0.07792207789810954]",7,13
192,"[0.2957862112845913, 0.10281385284631]",20,39
1994,"[0.6008702612797997, 0.7857142857033002]",9,17
1257,"[0.31099525872203326, 0.10281385284631]",20,39
56,"[0.41027483016250765, 0.8679653678265511]",17,34
483,"[0.5035405677162944, 0.7813852813243617]",13,26
44,"[0.3377188481335367, 0.8852813851885077]",20,39
1793,"[0.17360070605866143, 0.08441558446651723]",25,48
321,"[0.6705937891299015, 0.04004329012068795]",2,2
2131,"[0.8863118573106774, 0.8798701296379362]",3,6
755,"[0.4212351963170621, 0.05952380951831677]",12,23
1042,"[0.532439810341881, 0.06601731608672447]",7,12
2280,"[0.6733441431808804, 0.8376623374815761]",9,17
431,"[0.1673816218960001, 0.0909090908811278]",26,52
210,"[0.1765152603654207, 0.11580086582932826]",26,51
1785,"[0.2928511319604434, 0.07792207789810954]",20,39
1669,"[0.2219371523580211, 0.03679653675958554]",25,49
2097,"[0.37101044723665094, 0.9112554111545443]",22,44
208,"[0.19049280597201323, 0.11363636363985903]",26,51
238,"[0.10211202561934346, 0.8441558440499838]",29,57
1004,"[0.5953285031138968, 0.8062770561187651]",10,20
1912,"[0.1536503766293264, 0.13419913420912102]",26,51
346,"[0.44834876132146, 0.05952380951831677]",11,22
963,"[0.06785575008643904, 0.8961038959820569]",30,58
2102,"[0.4468914841680804, 0.9025974025504645]",19,37
1803,"[0.042158412186059535, 0.09956709948520759]",30,59
1497,"[0.2901213029268531, 0.0790043289159456]",20,39
1363,"[0.7074977935539222, 0.7489177489437147]",6,11
458,"[0.19940066911890367, 0.8300865800491295]",26,51
1200,"[0.5330145111933606, 0.08982683970949462]",7,14
301,"[0.6539069395071074, 0.7932900431357468]",7,13
1516,"[0.10157837483180894, 0.09523809526006626]",29,57
460,"[0.22265552841872469, 0.8246753246523549]",25,49
943,"[0.18729090126139, 0.11038961027875661]",25,49
1931,"[0.03019231953776981, 0.9101731601367082]",30,59
1388,"[0.5827877096141275, 0.01948051939762882]",4,7
1260,"[0.29987069231169844, 0.10389610386414605]",20,39
1507,"[0.19338683524679998, 0.08766233767382252]",25,49
475,"[0.40853020257609624, 0.7932900431357468]",18,34
1382,"[0.6453274768571938, 0.02489177494820046]",2,3
1810,"[0.10642228196898083, 0.8495670994467583]",28,55
1109,"[0.10012109767842929, 0.8647186147730429]",28,55
464,"[0.26883684653597373, 0.814935064876642]",23,45
6,"[0.0722891566279117, 0.9350649350849087]",29,57
842,"[0.3335317419611507, 0.7694805192053824]",21,42
327,"[0.6139447055671036, 0.041125541138524]",4,6
1635,"[0.40953592906983155, 0.04004329012068795]",15,29
1489,"[0.3572997270165337, 0.07575757586243743]",17,32
1429,"[0.21504074218401742, 0.012987013136815386]",24,48
1899,"[0.3021079206071154, 0.12121212122610277]",20,36
893,"[0.6255002976196941, 0.06385281405105236]",3,4
1084,"[0.145666139862865, 0.11255411262202297]",27,52
14,"[0.139898606359848, 0.9166666665513188]",28,55
1154,"[0.5098828020707911, 0.7694805192053824]",13,24
695,"[0.5428254756741236, 0.7889610389106055]",12,22
388,"[0.6849202602508596, 0.050865800914236974]",2,2
