index,img_path,Latitude,Longitude,Lat_updated,Lon_updated,Beam_32
2838,./user_rgb/image2838_20_25_48.jpg,33.42602803,-111.9292355,0.141337865,0.732171157,7
696,./user_rgb/image696_20_21_15.jpg,33.42615018,-111.9292423,0.308742308,0.678288431,14
1780,./user_rgb/image1780_20_23_33.jpg,33.42611545,-111.9293081,0.261145449,0.156893819,9
1449,./user_rgb/image1449_20_22_51.jpg,33.42655559,-111.9292141,0.864349638,0.901743273,28
4222,./user_rgb/image4222_20_28_45.jpg,33.42599838,-111.9293093,0.100703058,0.147385111,3
1777,./user_rgb/image1777_20_23_33.jpg,33.42613817,-111.9293087,0.292282813,0.152139461,12
7,./user_rgb/image7_20_19_48.jpg,33.42651361,-111.929249,0.80681678,0.625198098,29
3776,./user_rgb/image3776_20_27_48.jpg,33.42635555,-111.9292431,0.590198309,0.671949287,24
320,./user_rgb/image320_20_20_27.jpg,33.42626929,-111.929317,0.471980484,0.08637084,20
2476,./user_rgb/image2476_20_25_02.jpg,33.42649432,-111.9292808,0.780380172,0.373217116,28
1445,./user_rgb/image1445_20_22_51.jpg,33.42652821,-111.9292136,0.826825825,0.90570523,27
3772,./user_rgb/image3772_20_27_48.jpg,33.42632861,-111.9292427,0.553277509,0.675118859,23
1770,./user_rgb/image1770_20_23_32.jpg,33.42619122,-111.9293099,0.364986912,0.142630745,14
2465,./user_rgb/image2465_20_25_01.jpg,33.4265931,-111.9292815,0.915756438,0.367670372,31
974,./user_rgb/image974_20_21_51.jpg,33.4265148,-111.9293189,0.808447654,0.071315372,29
4189,./user_rgb/image4189_20_28_41.jpg,33.42620515,-111.9293137,0.384077734,0.11251981,17
2868,./user_rgb/image2868_20_25_52.jpg,33.42619966,-111.9292377,0.376553785,0.71473851,16
1359,./user_rgb/image1359_20_22_40.jpg,33.42603703,-111.9292045,0.153672208,0.977812995,8
2850,./user_rgb/image2850_20_25_50.jpg,33.42609595,-111.9292369,0.23442104,0.721077662,10
2856,./user_rgb/image2856_20_25_51.jpg,33.42613024,-111.9292372,0.281414886,0.718700475,13
2861,./user_rgb/image2861_20_25_51.jpg,33.42615902,-111.9292374,0.320857374,0.717115689,14
298,./user_rgb/image298_20_20_25.jpg,33.42638654,-111.9293201,0.632669563,0.061806664,26
2830,./user_rgb/image2830_20_25_47.jpg,33.42598231,-111.9292348,0.078679403,0.737717908,4
2513,./user_rgb/image2513_20_25_07.jpg,33.42614692,-111.9292776,0.304274535,0.3985737,12
4917,./user_rgb/image4917_20_30_13.jpg,33.42654266,-111.9293215,0.846629298,0.050713154,29
1739,./user_rgb/image1739_20_23_28.jpg,33.42641822,-111.9293095,0.67608645,0.145800317,27
3413,./user_rgb/image3413_20_27_01.jpg,33.42616884,-111.929321,0.334315512,0.054675119,14
1017,./user_rgb/image1017_20_21_56.jpg,33.42625893,-111.9293167,0.457782285,0.088748019,20
3421,./user_rgb/image3421_20_27_02.jpg,33.42612549,-111.9293201,0.274905094,0.061806664,10
1717,./user_rgb/image1717_20_23_25.jpg,33.42655706,-111.9293082,0.866364247,0.156101426,31
2057,./user_rgb/image2057_20_24_08.jpg,33.42623718,-111.9292068,0.42797429,0.959587956,19
4941,./user_rgb/image4941_20_30_16.jpg,33.42624618,-111.9293187,0.440308633,0.072900159,17
693,./user_rgb/image693_20_21_15.jpg,33.42613232,-111.9292421,0.28426549,0.679873225,13
2479,./user_rgb/image2479_20_25_02.jpg,33.42646716,-111.9292806,0.743157866,0.37480191,27
2468,./user_rgb/image2468_20_25_01.jpg,33.42656632,-111.9292813,0.879054915,0.369255151,29
4921,./user_rgb/image4921_20_30_14.jpg,33.42649168,-111.9293219,0.776762098,0.047543582,28
1779,./user_rgb/image1779_20_23_33.jpg,33.42612302,-111.9293083,0.271520002,0.155309041,10
4632,./user_rgb/image4632_20_29_37.jpg,33.42596485,-111.9292448,0.054750778,0.658478613,4
1776,./user_rgb/image1776_20_23_33.jpg,33.42614576,-111.929309,0.302684775,0.149762282,12
1414,./user_rgb/image1414_20_22_47.jpg,33.42634495,-111.9292101,0.575671194,0.933438986,23
4215,./user_rgb/image4215_20_28_44.jpg,33.42604217,-111.9293099,0.160716488,0.142630745,5
3790,./user_rgb/image3790_20_27_50.jpg,33.42645114,-111.9292442,0.721202735,0.663232964,27
3368,./user_rgb/image3368_20_26_56.jpg,33.42641369,-111.9293268,0.669878164,0.008716323,27
296,./user_rgb/image296_20_20_24.jpg,33.42639703,-111.9293205,0.647045925,0.058637084,26
677,./user_rgb/image677_20_21_13.jpg,33.42603156,-111.9292412,0.146175668,0.687004754,7
280,./user_rgb/image280_20_20_22.jpg,33.42648118,-111.9293222,0.762372031,0.045166403,29
4171,./user_rgb/image4171_20_28_38.jpg,33.426322,-111.9293158,0.544218619,0.095879556,23
703,./user_rgb/image703_20_21_16.jpg,33.42619159,-111.9292429,0.36549399,0.673534073,17
3408,./user_rgb/image3408_20_27_01.jpg,33.42619577,-111.9293217,0.371222607,0.049128376,15
1353,./user_rgb/image1353_20_22_39.jpg,33.42600561,-111.9292034,0.110611646,0.986529326,7
2903,./user_rgb/image2903_20_25_57.jpg,33.426414,-111.9292415,0.670303014,0.684627575,26
2475,./user_rgb/image2475_20_25_02.jpg,33.42650335,-111.9292809,0.792755629,0.372424723,27
1733,./user_rgb/image1733_20_23_27.jpg,33.42645882,-111.9293091,0.731728041,0.148969889,27
4926,./user_rgb/image4926_20_30_14.jpg,33.42642883,-111.9293226,0.69062727,0.04199683,26
2087,./user_rgb/image2087_20_24_12.jpg,33.4265277,-111.92921,0.826126879,0.934231379,28
1745,./user_rgb/image1745_20_23_29.jpg,33.42637622,-111.9293098,0.618526183,0.143423138,25
3806,./user_rgb/image3806_20_27_52.jpg,33.42656722,-111.9292459,0.88028835,0.649762282,29
738,./user_rgb/image738_20_21_21.jpg,33.42639917,-111.9292456,0.649978758,0.652139461,26
3389,./user_rgb/image3389_20_26_58.jpg,33.42629749,-111.9293245,0.510628092,0.026941363,22
2832,./user_rgb/image2832_20_25_48.jpg,33.42599375,-111.929235,0.094357723,0.736133122,5
3791,./user_rgb/image3791_20_27_50.jpg,33.42645807,-111.9292443,0.73070018,0.662440571,28
2055,./user_rgb/image2055_20_24_08.jpg,33.42621816,-111.9292066,0.401907712,0.96117275,17
1038,./user_rgb/image1038_20_21_59.jpg,33.42612694,-111.9293148,0.276892294,0.103803487,11
3788,./user_rgb/image3788_20_27_50.jpg,33.42643729,-111.929244,0.702221552,0.66481775,27
692,./user_rgb/image692_20_21_15.jpg,33.42612631,-111.929242,0.27602889,0.680665618,12
1356,./user_rgb/image1356_20_22_39.jpg,33.42602112,-111.9292035,0.131867831,0.985736933,7
4153,./user_rgb/image4153_20_28_36.jpg,33.42643227,-111.9293173,0.69534173,0.083993661,27
3401,./user_rgb/image3401_20_27_00.jpg,33.42623328,-111.9293227,0.422629408,0.041204437,18
3751,./user_rgb/image3751_20_27_45.jpg,33.42618699,-111.9292412,0.359189771,0.687004754,16
749,./user_rgb/image749_20_21_22.jpg,33.42646368,-111.9292462,0.738388587,0.647385103,28
3758,./user_rgb/image3758_20_27_46.jpg,33.42623564,-111.9292414,0.425863747,0.685419968,19
4176,./user_rgb/image4176_20_28_39.jpg,33.4262881,-111.9293153,0.497759261,0.099841521,21
1794,./user_rgb/image1794_20_23_35.jpg,33.42600962,-111.9293053,0.116107281,0.179080824,3
719,./user_rgb/image719_20_21_18.jpg,33.42628388,-111.9292439,0.491975825,0.665610143,21
3367,./user_rgb/image3367_20_26_56.jpg,33.42641947,-111.9293269,0.677799553,0.00792393,27
1444,./user_rgb/image1444_20_22_51.jpg,33.42652137,-111.9292134,0.817451725,0.907290016,28
1795,./user_rgb/image1795_20_23_35.jpg,33.42600205,-111.9293051,0.105732728,0.18066561,3
4208,./user_rgb/image4208_20_28_43.jpg,33.42608596,-111.9293109,0.220729919,0.134706815,8
770,./user_rgb/image770_20_21_25.jpg,33.42659523,-111.9292482,0.918675566,0.631537242,31
1406,./user_rgb/image1406_20_22_46.jpg,33.42629941,-111.9292094,0.513259419,0.938985737,21
3439,./user_rgb/image3439_20_27_05.jpg,33.42602533,-111.929318,0.137637562,0.07844691,4
4166,./user_rgb/image4166_20_28_38.jpg,33.42635264,-111.9293163,0.586210205,0.091917591,24
3419,./user_rgb/image3419_20_27_02.jpg,33.42613634,-111.9293203,0.28977483,0.06022187,11
739,./user_rgb/image739_20_21_21.jpg,33.426405,-111.9292457,0.657968671,0.651347068,26
1005,./user_rgb/image1005_20_21_55.jpg,33.42633036,-111.9293179,0.555675853,0.079239303,23
2929,./user_rgb/image2929_20_26_00.jpg,33.42657525,-111.9292451,0.891293324,0.656101434,30
4678,./user_rgb/image4678_20_29_43.jpg,33.42656805,-111.9292516,0.88142585,0.604595887,31
3353,./user_rgb/image3353_20_26_54.jpg,33.42650229,-111.9293277,0.791302918,0.001584786,30
2520,./user_rgb/image2520_20_25_08.jpg,33.42608088,-111.9292767,0.213767868,0.40570523,6
1024,./user_rgb/image1024_20_21_57.jpg,33.42621707,-111.9293162,0.400413886,0.092709984,17
335,./user_rgb/image335_20_20_29.jpg,33.42618842,-111.9293157,0.361149561,0.096671949,15
311,./user_rgb/image311_20_20_26.jpg,33.42631743,-111.929318,0.537955514,0.07844691,22
4668,./user_rgb/image4668_20_29_42.jpg,33.42642232,-111.9292494,0.681705428,0.622028534,26
727,./user_rgb/image727_20_21_19.jpg,33.42633485,-111.9292447,0.56182932,0.659270998,23
2923,./user_rgb/image2923_20_25_59.jpg,33.42653759,-111.9292445,0.839680952,0.660855784,29
2060,./user_rgb/image2060_20_24_09.jpg,33.42626566,-111.9292069,0.467005633,0.958795563,20
1032,./user_rgb/image1032_20_21_58.jpg,33.42616565,-111.9293155,0.329943673,0.098256735,14
666,./user_rgb/image666_20_21_11.jpg,33.42596297,-111.9292409,0.052174271,0.689381933,4
725,./user_rgb/image725_20_21_19.jpg,33.42632168,-111.9292445,0.543780065,0.660855784,23
3769,./user_rgb/image3769_20_27_47.jpg,33.4263085,-111.9292424,0.525717105,0.677496038,22
4636,./user_rgb/image4636_20_29_37.jpg,33.42600822,-111.9292455,0.114188606,0.652931854,7
3434,./user_rgb/image3434_20_27_04.jpg,33.42605371,-111.9293185,0.176531857,0.074484945,6
715,./user_rgb/image715_20_21_18.jpg,33.42626101,-111.9292436,0.460632889,0.66798733,20
731,./user_rgb/image731_20_21_20.jpg,33.42635865,-111.9292451,0.594446805,0.656101434,24
759,./user_rgb/image759_20_21_23.jpg,33.42652926,-111.9292471,0.828264832,0.640253574,29
3384,./user_rgb/image3384_20_26_58.jpg,33.42632442,-111.9293253,0.547535187,0.020602219,23
685,./user_rgb/image685_20_21_14.jpg,33.42608405,-111.9292416,0.218112297,0.683835182,10
3763,./user_rgb/image3763_20_27_46.jpg,33.42626863,-111.9292419,0.471075966,0.681458003,20
699,./user_rgb/image699_20_21_16.jpg,33.42616797,-111.9292426,0.333123193,0.675911252,15
4205,./user_rgb/image4205_20_28_43.jpg,33.42610472,-111.9293113,0.246440172,0.131537243,9
276,./user_rgb/image276_20_20_22.jpg,33.42650204,-111.9293222,0.790960297,0.045166403,29
2889,./user_rgb/image2889_20_25_55.jpg,33.42632686,-111.9292393,0.550879165,0.70206023,23
350,./user_rgb/image350_20_20_31.jpg,33.42610681,-111.9293144,0.24930448,0.106973059,10
4165,./user_rgb/image4165_20_28_38.jpg,33.42635876,-111.9293164,0.594597558,0.091125198,24
3801,./user_rgb/image3801_20_27_51.jpg,33.42652775,-111.9292453,0.826195403,0.654516648,29
4216,./user_rgb/image4216_20_28_44.jpg,33.42603592,-111.9293098,0.152150972,0.143423138,5
4940,./user_rgb/image4940_20_30_16.jpg,33.42625797,-111.929319,0.456466622,0.070522987,18
661,./user_rgb/image661_20_21_11.jpg,33.4259338,-111.9292402,0.012197295,0.694928685,3
2831,./user_rgb/image2831_20_25_47.jpg,33.42598803,-111.9292349,0.086518563,0.736925515,4
3354,./user_rgb/image3354_20_26_54.jpg,33.42649639,-111.9293276,0.783217071,0.002377187,29
2503,./user_rgb/image2503_20_25_05.jpg,33.4262391,-111.9292787,0.430605616,0.389857369,17
1743,./user_rgb/image1743_20_23_28.jpg,33.42639035,-111.9293097,0.637891101,0.144215531,25
3444,./user_rgb/image3444_20_27_05.jpg,33.42599663,-111.9293176,0.098304713,0.081616482,3
2505,./user_rgb/image2505_20_25_06.jpg,33.4262207,-111.9292785,0.405388737,0.391442155,16
3352,./user_rgb/image3352_20_26_54.jpg,33.42650816,-111.9293277,0.79934765,0.001584786,30
993,./user_rgb/image993_20_21_53.jpg,33.42640351,-111.929319,0.655926652,0.070522987,27
1044,./user_rgb/image1044_20_22_00.jpg,33.4260908,-111.929314,0.227363055,0.110142639,9
1430,./user_rgb/image1430_20_22_49.jpg,33.42643771,-111.9292117,0.702797155,0.920760697,26
1016,./user_rgb/image1016_20_21_56.jpg,33.42626489,-111.9293168,0.465950361,0.087955626,20
1385,./user_rgb/image1385_20_22_43.jpg,33.42618203,-111.9292071,0.352392177,0.957210776,15
2080,./user_rgb/image2080_20_24_11.jpg,33.42645405,-111.9292091,0.72519084,0.941362916,27
2510,./user_rgb/image2510_20_25_06.jpg,33.42617466,-111.9292779,0.342291721,0.396196513,14
3741,./user_rgb/image3741_20_27_44.jpg,33.42611821,-111.9292405,0.264927981,0.692551505,12
1747,./user_rgb/image1747_20_23_29.jpg,33.42636195,-111.9293099,0.598969397,0.142630745,23
302,./user_rgb/image302_20_20_25.jpg,33.42636535,-111.9293194,0.603629038,0.067353407,25
1348,./user_rgb/image1348_20_22_38.jpg,33.42597986,-111.9292036,0.075321721,0.98494454,5
3780,./user_rgb/image3780_20_27_49.jpg,33.42638261,-111.9292434,0.627283567,0.669572108,25
2082,./user_rgb/image2082_20_24_12.jpg,33.42647422,-111.9292094,0.752833473,0.938985737,28
1421,./user_rgb/image1421_20_22_48.jpg,33.42638527,-111.9292107,0.63092905,0.928684628,24
322,./user_rgb/image322_20_20_28.jpg,33.42625856,-111.9293169,0.457275207,0.087163233,19
4931,./user_rgb/image4931_20_30_15.jpg,33.42636684,-111.9293219,0.605671057,0.047543582,23
318,./user_rgb/image318_20_20_27.jpg,33.42628003,-111.9293172,0.486699467,0.084786054,21
4642,./user_rgb/image4642_20_29_38.jpg,33.42607755,-111.9292458,0.209204161,0.650554683,11
2474,./user_rgb/image2474_20_25_02.jpg,33.42651236,-111.929281,0.805103677,0.37163233,29
4145,./user_rgb/image4145_20_28_35.jpg,33.42648136,-111.9293179,0.762618718,0.079239303,28
2089,./user_rgb/image2089_20_24_12.jpg,33.42654766,-111.9292104,0.853481711,0.931061807,29
1461,./user_rgb/image1461_20_22_53.jpg,33.42662969,-111.9292155,0.965902394,0.890649762,31
762,./user_rgb/image762_20_21_24.jpg,33.42654727,-111.9292473,0.852947223,0.63866878,30
361,./user_rgb/image361_20_20_33.jpg,33.42604525,-111.9293134,0.164937575,0.114896989,5
3403,./user_rgb/image3403_20_27_00.jpg,33.42622259,-111.9293224,0.407978949,0.043581616,17
2045,./user_rgb/image2045_20_24_07.jpg,33.4261226,-111.9292064,0.2709444,0.962757528,13
1355,./user_rgb/image1355_20_22_39.jpg,33.42601596,-111.9292037,0.124796141,0.984152139,7
3804,./user_rgb/image3804_20_27_52.jpg,33.426551,-111.9292457,0.858059123,0.651347068,29
1790,./user_rgb/image1790_20_23_34.jpg,33.42603983,-111.9293059,0.157509559,0.174326466,5
971,./user_rgb/image971_20_21_50.jpg,33.4265309,-111.9293187,0.830512423,0.072900159,30
3767,./user_rgb/image3767_20_27_47.jpg,33.42629516,-111.9292422,0.507434868,0.679080824,22
3414,./user_rgb/image3414_20_27_02.jpg,33.42616344,-111.9293209,0.326914907,0.055467512,13
997,./user_rgb/image997_20_21_53.jpg,33.42637761,-111.9293186,0.620431154,0.073692552,25
1427,./user_rgb/image1427_20_22_48.jpg,33.42642016,-111.9292113,0.678745186,0.923930277,26
984,./user_rgb/image984_20_21_52.jpg,33.42645866,-111.9293194,0.731508764,0.067353407,28
2507,./user_rgb/image2507_20_25_06.jpg,33.42620229,-111.9292783,0.380158154,0.393026941,14
3797,./user_rgb/image3797_20_27_51.jpg,33.42649976,-111.9292449,0.787835597,0.657686212,28
2852,./user_rgb/image2852_20_25_50.jpg,33.42610734,-111.9292371,0.250030836,0.719492868,11
2825,./user_rgb/image2825_20_25_47.jpg,33.42595413,-111.9292344,0.040059205,0.74088748,3
2909,./user_rgb/image2909_20_25_57.jpg,33.4264508,-111.9292425,0.720736771,0.676703645,27
3427,./user_rgb/image3427_20_27_03.jpg,33.42609253,-111.9293194,0.229733989,0.067353407,9
2833,./user_rgb/image2833_20_25_48.jpg,33.42599945,-111.9292351,0.102169474,0.735340729,6
1059,./user_rgb/image1059_20_22_01.jpg,33.42599322,-111.9293118,0.093631368,0.127575277,3
1791,./user_rgb/image1791_20_23_34.jpg,33.42603228,-111.9293058,0.147162416,0.175118859,4
4214,./user_rgb/image4214_20_28_44.jpg,33.42604842,-111.92931,0.169282004,0.141838352,5
3745,./user_rgb/image3745_20_27_44.jpg,33.42614424,-111.9292407,0.300601642,0.69096672,14
681,./user_rgb/image681_20_21_13.jpg,33.42605966,-111.9292415,0.184686228,0.684627575,8
690,./user_rgb/image690_20_21_15.jpg,33.42611422,-111.9292418,0.259459756,0.682250396,12
353,./user_rgb/image353_20_20_32.jpg,33.42609028,-111.9293141,0.226650404,0.109350246,8
1382,./user_rgb/image1382_20_22_43.jpg,33.42616557,-111.9292068,0.329834035,0.959587956,14
4178,./user_rgb/image4178_20_28_39.jpg,33.42627409,-111.9293152,0.478558801,0.100633914,20
1746,./user_rgb/image1746_20_23_29.jpg,33.4263691,-111.9293099,0.608768347,0.142630745,25
1419,./user_rgb/image1419_20_22_47.jpg,33.42637371,-111.9292105,0.615086272,0.930269414,24
332,./user_rgb/image332_20_20_29.jpg,33.42620467,-111.9293161,0.383419902,0.093502385,16
978,./user_rgb/image978_20_21_51.jpg,33.42649268,-111.9293192,0.77813258,0.068938193,30
285,./user_rgb/image285_20_20_23.jpg,33.42645496,-111.9293218,0.726437979,0.048335983,28
765,./user_rgb/image765_20_21_24.jpg,33.42656535,-111.9292476,0.877725547,0.636291601,30
4182,./user_rgb/image4182_20_28_40.jpg,33.42624857,-111.9293147,0.443584086,0.10459588,19
2074,./user_rgb/image2074_20_24_11.jpg,33.4263977,-111.9292085,0.647964148,0.946117274,25
3382,./user_rgb/image3382_20_26_57.jpg,33.42633524,-111.9293256,0.562363808,0.01822504,24
1721,./user_rgb/image1721_20_23_26.jpg,33.42653415,-111.9293085,0.834966492,0.153724255,31
3432,./user_rgb/image3432_20_27_04.jpg,33.42606488,-111.9293188,0.191840147,0.072107765,6
4916,./user_rgb/image4916_20_30_13.jpg,33.42655548,-111.9293214,0.864198884,0.051505547,29
4956,./user_rgb/image4956_20_30_18.jpg,33.42607234,-111.9293122,0.202063947,0.124405705,7
2862,./user_rgb/image2862_20_25_51.jpg,33.42616477,-111.9292375,0.328737649,0.716323296,15
1464,./user_rgb/image1464_20_22_53.jpg,33.42664833,-111.9292159,0.991448189,0.88748019,31
268,./user_rgb/image268_20_20_21.jpg,33.4265434,-111.9293219,0.847643455,0.047543582,30
2525,./user_rgb/image2525_20_25_08.jpg,33.42602799,-111.9292769,0.141283046,0.404120444,5
1450,./user_rgb/image1450_20_22_51.jpg,33.4265625,-111.9292142,0.873819672,0.900950872,29
4143,./user_rgb/image4143_20_28_35.jpg,33.42649367,-111.929318,0.779489358,0.07844691,29
2506,./user_rgb/image2506_20_25_06.jpg,33.42621149,-111.9292784,0.392766593,0.392234548,16
3728,./user_rgb/image3728_20_27_42.jpg,33.42603392,-111.9292392,0.149410007,0.702852615,8
1341,./user_rgb/image1341_20_22_37.jpg,33.42593963,-111.9292027,0.020187208,0.99207607,3
2930,./user_rgb/image2930_20_26_00.jpg,33.42658159,-111.9292452,0.899982184,0.655309033,31
2093,./user_rgb/image2093_20_24_13.jpg,33.42658502,-111.9292108,0.904682939,0.927892234,30
3360,./user_rgb/image3360_20_26_55.jpg,33.4264605,-111.9293273,0.734030452,0.004754358,28
1352,./user_rgb/image1352_20_22_39.jpg,33.42600045,-111.9292034,0.103539956,0.986529326,6
340,./user_rgb/image340_20_20_30.jpg,33.42616133,-111.9293152,0.324023189,0.100633914,13
3752,./user_rgb/image3752_20_27_45.jpg,33.42619446,-111.9292412,0.369427275,0.687004754,16
4930,./user_rgb/image4930_20_30_15.jpg,33.42637914,-111.9293222,0.622527992,0.045166403,25
3809,./user_rgb/image3809_20_27_52.jpg,33.42659166,-111.9292465,0.913782943,0.645007924,31
1372,./user_rgb/image1372_20_22_42.jpg,33.42611113,-111.9292058,0.255224965,0.967511894,12
2480,./user_rgb/image2480_20_25_02.jpg,33.42645815,-111.9292805,0.730809818,0.375594303,27
2484,./user_rgb/image2484_20_25_03.jpg,33.4264219,-111.9292802,0.681129826,0.377971474,26
1002,./user_rgb/image1002_20_21_54.jpg,33.42634814,-111.9293181,0.580043033,0.077654525,24
286,./user_rgb/image286_20_20_23.jpg,33.42644975,-111.9293217,0.719297765,0.049128376,28
755,./user_rgb/image755_20_21_23.jpg,33.42650183,-111.9292467,0.790672496,0.643423138,28
763,./user_rgb/image763_20_21_24.jpg,33.42655329,-111.9292474,0.861197528,0.637876387,29
3781,./user_rgb/image3781_20_27_49.jpg,33.42638942,-111.9292435,0.636616553,0.668779715,25
2524,./user_rgb/image2524_20_25_08.jpg,33.42603857,-111.9292767,0.155782751,0.40570523,6
3794,./user_rgb/image3794_20_27_50.jpg,33.42647882,-111.9292445,0.759137692,0.660855784,27
4220,./user_rgb/image4220_20_28_45.jpg,33.42601091,-111.9293094,0.117875204,0.14659271,3
290,./user_rgb/image290_20_20_24.jpg,33.42642862,-111.9293213,0.690339469,0.05229794,28
4150,./user_rgb/image4150_20_28_36.jpg,33.42645066,-111.9293175,0.720544904,0.082408875,28
4646,./user_rgb/image4646_20_29_39.jpg,33.42612896,-111.9292461,0.279660669,0.648177504,14
758,./user_rgb/image758_20_21_23.jpg,33.42652233,-111.9292469,0.818767388,0.641838352,29
3424,./user_rgb/image3424_20_27_03.jpg,33.42610906,-111.9293197,0.252388066,0.064976228,10
4162,./user_rgb/image4162_20_28_37.jpg,33.42637713,-111.9293166,0.619773322,0.08954042,25
4168,./user_rgb/image4168_20_28_38.jpg,33.42634038,-111.9293161,0.569408089,0.093502385,23
362,./user_rgb/image362_20_20_33.jpg,33.42603949,-111.9293132,0.157043595,0.116481775,5
366,./user_rgb/image366_20_20_33.jpg,33.42601605,-111.929313,0.124919484,0.118066561,4
694,./user_rgb/image694_20_21_15.jpg,33.4261383,-111.9292422,0.292460976,0.679080824,13
1455,./user_rgb/image1455_20_22_52.jpg,33.42659289,-111.9292147,0.915468637,0.896988906,29
1028,./user_rgb/image1028_20_21_57.jpg,33.42619305,-111.9293158,0.367494895,0.095879556,15
4658,./user_rgb/image4658_20_29_40.jpg,33.42628902,-111.9292474,0.499020105,0.637876387,23
2056,./user_rgb/image2056_20_24_08.jpg,33.42622766,-111.9292067,0.414927296,0.960380349,18
1023,./user_rgb/image1023_20_21_57.jpg,33.42622306,-111.9293163,0.408623076,0.091917591,17
1386,./user_rgb/image1386_20_22_43.jpg,33.42618754,-111.9292072,0.359943536,0.956418384,16
2829,./user_rgb/image2829_20_25_47.jpg,33.42597666,-111.9292348,0.070936177,0.737717908,4
1380,./user_rgb/image1380_20_22_43.jpg,33.42615465,-111.9292066,0.314868365,0.961172742,14
714,./user_rgb/image714_20_21_18.jpg,33.42625532,-111.9292435,0.452834843,0.668779715,19
766,./user_rgb/image766_20_21_24.jpg,33.42657139,-111.9292477,0.886003262,0.635499208,30
4961,./user_rgb/image4961_20_30_19.jpg,33.42602042,-111.9293106,0.130908493,0.137083994,3
2898,./user_rgb/image2898_20_25_56.jpg,33.42638112,-111.9292406,0.625241548,0.691759112,24
1728,./user_rgb/image1728_20_23_27.jpg,33.4264913,-111.9293088,0.776241315,0.151347068,30
3805,./user_rgb/image3805_20_27_52.jpg,33.4265591,-111.9292458,0.869160031,0.650554675,30
3388,./user_rgb/image3388_20_26_58.jpg,33.42630293,-111.9293247,0.518083517,0.025356577,22
2892,./user_rgb/image2892_20_25_55.jpg,33.42634282,-111.9292397,0.572752066,0.69889065,23
2495,./user_rgb/image2495_20_25_04.jpg,33.4263125,-111.9292793,0.531199035,0.385103011,21
3723,./user_rgb/image3723_20_27_41.jpg,33.42600147,-111.9292389,0.104937849,0.705229794,6
2487,./user_rgb/image2487_20_25_03.jpg,33.42639466,-111.9292801,0.643797881,0.378763867,24
2481,./user_rgb/image2481_20_25_03.jpg,33.42644909,-111.9292804,0.718393246,0.376386688,27
309,./user_rgb/image309_20_20_26.jpg,33.42632806,-111.9293182,0.552523744,0.076862124,23
2501,./user_rgb/image2501_20_25_05.jpg,33.4262575,-111.9292788,0.455822495,0.389064976,19
1027,./user_rgb/image1027_20_21_57.jpg,33.42619905,-111.929316,0.37571779,0.09429477,15
4137,./user_rgb/image4137_20_28_34.jpg,33.4265308,-111.9293184,0.830375375,0.075277338,29
4633,./user_rgb/image4633_20_29_37.jpg,33.42597545,-111.9292449,0.069277893,0.657686212,5
3409,./user_rgb/image3409_20_27_01.jpg,33.42619041,-111.9293216,0.363876821,0.049920761,15
4199,./user_rgb/image4199_20_28_42.jpg,33.42614238,-111.9293122,0.298052544,0.124405705,12
3715,./user_rgb/image3715_20_27_40.jpg,33.42594983,-111.9292382,0.03416613,0.710776545,3
3725,./user_rgb/image3725_20_27_42.jpg,33.42601453,-111.9292389,0.122836351,0.705229794,7
2052,./user_rgb/image2052_20_24_08.jpg,33.4261896,-111.9292066,0.36276673,0.961172742,24
4943,./user_rgb/image4943_20_30_16.jpg,33.42622297,-111.929318,0.408499733,0.07844691,15
3402,./user_rgb/image3402_20_27_00.jpg,33.42622793,-111.9293226,0.415297326,0.04199683,18
303,./user_rgb/image303_20_20_25.jpg,33.42636002,-111.9293192,0.596324366,0.068938193,25
1010,./user_rgb/image1010_20_21_55.jpg,33.42630066,-111.9293174,0.514972522,0.083201268,22
3415,./user_rgb/image3415_20_27_02.jpg,33.42615803,-111.9293208,0.319500596,0.056259905,13
4919,./user_rgb/image4919_20_30_13.jpg,33.42651714,-111.9293217,0.811654584,0.049128368,29
2502,./user_rgb/image2502_20_25_05.jpg,33.42624833,-111.9292788,0.44325517,0.389064976,17
1436,./user_rgb/image1436_20_22_50.jpg,33.42647305,-111.9292125,0.751230008,0.914421553,27
1014,./user_rgb/image1014_20_21_56.jpg,33.42627683,-111.929317,0.482313923,0.08637084,20
3420,./user_rgb/image3420_20_27_02.jpg,33.4261309,-111.9293202,0.282319405,0.061014263,12
700,./user_rgb/image700_20_21_16.jpg,33.42617387,-111.9292427,0.34120904,0.675118859,15
2500,./user_rgb/image2500_20_25_05.jpg,33.42626667,-111.9292789,0.46838982,0.388272583,19
1423,./user_rgb/image1423_20_22_48.jpg,33.42639687,-111.9292109,0.646826648,0.927099841,24
2934,./user_rgb/image2934_20_26_01.jpg,33.426607,-111.9292457,0.934806145,0.651347068,31
3759,./user_rgb/image3759_20_27_46.jpg,33.42624222,-111.9292415,0.434881522,0.684627575,19
3737,./user_rgb/image3737_20_27_43.jpg,33.426092,-111.9292402,0.229007634,0.694928685,10
3347,./user_rgb/image3347_20_26_53.jpg,33.42653863,-111.9293278,0.841106254,0.000792393,30
4155,./user_rgb/image4155_20_28_36.jpg,33.42642005,-111.9293172,0.678594433,0.084786054,27
1004,./user_rgb/image1004_20_21_54.jpg,33.4263363,-111.9293179,0.56381652,0.079239303,24
3410,./user_rgb/image3410_20_27_01.jpg,33.42618503,-111.9293215,0.356503625,0.050713154,15
2033,./user_rgb/image2033_20_24_05.jpg,33.42600769,-111.9292034,0.11346225,0.986529318,7
369,./user_rgb/image369_20_20_34.jpg,33.42599798,-111.9293128,0.100154865,0.119651347,3
3405,./user_rgb/image3405_20_27_00.jpg,33.42621182,-111.9293222,0.393218852,0.045166403,17
4665,./user_rgb/image4665_20_29_41.jpg,33.4263816,-111.9292487,0.625899379,0.627575277,27
1426,./user_rgb/image1426_20_22_48.jpg,33.42641432,-111.9292112,0.670741568,0.924722662,25
1452,./user_rgb/image1452_20_22_52.jpg,33.42657463,-111.9292145,0.890443625,0.898573693,29
4185,./user_rgb/image4185_20_28_40.jpg,33.42623004,-111.9293143,0.418189044,0.107765452,18
2029,./user_rgb/image2029_20_24_05.jpg,33.42596428,-111.9292025,0.053969603,0.993660856,5
2905,./user_rgb/image2905_20_25_57.jpg,33.42642621,-111.9292419,0.687036606,0.681458003,26
682,./user_rgb/image682_20_21_14.jpg,33.42606577,-111.9292415,0.193059876,0.684627575,9
2890,./user_rgb/image2890_20_25_55.jpg,33.42633217,-111.9292394,0.558156427,0.701267829,23
999,./user_rgb/image999_20_21_54.jpg,33.42636581,-111.9293184,0.60425946,0.075277338,25
3377,./user_rgb/image3377_20_26_57.jpg,33.42636268,-111.9293262,0.599969849,0.013470681,24
744,./user_rgb/image744_20_21_21.jpg,33.42643422,-111.929246,0.698014171,0.648969889,27
308,./user_rgb/image308_20_20_26.jpg,33.42633337,-111.9293184,0.559801006,0.075277338,24
2843,./user_rgb/image2843_20_25_49.jpg,33.4260562,-111.9292362,0.179944358,0.726624406,9
355,./user_rgb/image355_20_20_32.jpg,33.42607917,-111.9293139,0.211424343,0.110935024,7
2086,./user_rgb/image2086_20_24_12.jpg,33.42651703,-111.9292099,0.811503831,0.935023772,28
3753,./user_rgb/image3753_20_27_45.jpg,33.42620195,-111.9292413,0.37969219,0.686212361,17
982,./user_rgb/image982_20_21_52.jpg,33.42647002,-111.9293194,0.747077446,0.067353407,28
4140,./user_rgb/image4140_20_28_34.jpg,33.42651222,-111.9293183,0.804911809,0.076069731,30
10,./user_rgb/image10_20_19_48.jpg,33.4265341,-111.9292493,0.834897968,0.622820919,29
3369,./user_rgb/image3369_20_26_56.jpg,33.42640795,-111.9293268,0.662011594,0.008716323,26
672,./user_rgb/image672_20_21_12.jpg,33.42599861,-111.9292409,0.101018269,0.689381933,6
295,./user_rgb/image295_20_20_24.jpg,33.42640236,-111.9293207,0.654350597,0.057052298,27
310,./user_rgb/image310_20_20_26.jpg,33.42632274,-111.9293181,0.545232776,0.077654517,23
1049,./user_rgb/image1049_20_22_00.jpg,33.42606048,-111.9293132,0.185810024,0.116481775,6
325,./user_rgb/image325_20_20_28.jpg,33.42624241,-111.9293166,0.435141913,0.089540412,19
1786,./user_rgb/image1786_20_23_34.jpg,33.42607015,-111.9293068,0.19906259,0.167194929,7
4212,./user_rgb/image4212_20_28_44.jpg,33.42606092,-111.9293103,0.186413036,0.139461173,7
2888,./user_rgb/image2888_20_25_55.jpg,33.42632154,-111.9292391,0.543588197,0.703645008,23
4174,./user_rgb/image4174_20_28_39.jpg,33.42630204,-111.9293155,0.516863788,0.098256735,22
1048,./user_rgb/image1048_20_22_00.jpg,33.42606656,-111.9293133,0.194142558,0.115689382,8
2072,./user_rgb/image2072_20_24_10.jpg,33.4263788,-111.9292083,0.622062028,0.94770206,25
2061,./user_rgb/image2061_20_24_09.jpg,33.42627514,-111.929207,0.479997807,0.958003169,20
735,./user_rgb/image735_20_21_20.jpg,33.42638173,-111.9292453,0.626077542,0.65451664,25
3793,./user_rgb/image3793_20_27_50.jpg,33.42647195,-111.9292444,0.749722477,0.661648177,27
2901,./user_rgb/image2901_20_25_56.jpg,33.42640181,-111.9292412,0.653596831,0.687004754,26
3765,./user_rgb/image3765_20_27_47.jpg,33.42628187,-111.9292421,0.489221155,0.679873217,21
2915,./user_rgb/image2915_20_25_58.jpg,33.42648769,-111.9292435,0.771293873,0.668779715,31
328,./user_rgb/image328_20_20_28.jpg,33.42622633,-111.9293163,0.413104554,0.091917591,17
1748,./user_rgb/image1748_20_23_29.jpg,33.42635476,-111.92931,0.589115628,0.141838352,24
4180,./user_rgb/image4180_20_28_40.jpg,33.42626089,-111.9293149,0.460468431,0.103011094,19
1399,./user_rgb/image1399_20_22_45.jpg,33.42625987,-111.9292085,0.459070539,0.946117274,19
2522,./user_rgb/image2522_20_25_08.jpg,33.42605972,-111.9292766,0.184768457,0.406497623,7
4175,./user_rgb/image4175_20_28_39.jpg,33.42629508,-111.9293154,0.507325229,0.099049128,21
1349,./user_rgb/image1349_20_22_39.jpg,33.425985,-111.9292035,0.082366001,0.985736925,6
688,./user_rgb/image688_20_21_14.jpg,33.4261022,-111.9292417,0.242986556,0.683042789,12
3350,./user_rgb/image3350_20_26_53.jpg,33.42651979,-111.9293277,0.815286362,0.001584786,29
673,./user_rgb/image673_20_21_12.jpg,33.42600462,-111.9292409,0.109254869,0.689381933,6
1741,./user_rgb/image1741_20_23_28.jpg,33.42640435,-111.9293096,0.657077857,0.145007924,26
2470,./user_rgb/image2470_20_25_01.jpg,33.42654837,-111.9292812,0.854454754,0.370047544,28
2486,./user_rgb/image2486_20_25_03.jpg,33.42640375,-111.9292802,0.656255568,0.377971474,25
3390,./user_rgb/image3390_20_26_58.jpg,33.42629215,-111.9293243,0.503309715,0.028526149,21
1458,./user_rgb/image1458_20_22_52.jpg,33.4266112,-111.9292151,0.940562172,0.893819334,30
301,./user_rgb/image301_20_20_25.jpg,33.42637067,-111.9293195,0.610920005,0.066561014,25
4643,./user_rgb/image4643_20_29_38.jpg,33.42608943,-111.9292458,0.225485493,0.650554675,12
2847,./user_rgb/image2847_20_25_50.jpg,33.4260789,-111.9292366,0.211054312,0.723454834,10
4203,./user_rgb/image4203_20_28_42.jpg,33.42611733,-111.9293115,0.263721956,0.129952456,10
1395,./user_rgb/image1395_20_22_44.jpg,33.42623754,-111.9292082,0.428467663,0.948494453,18
1369,./user_rgb/image1369_20_22_41.jpg,33.42609349,-111.9292055,0.231049653,0.969889065,10
2845,./user_rgb/image2845_20_25_49.jpg,33.42606765,-111.9292365,0.195636384,0.724247227,9
3372,./user_rgb/image3372_20_26_56.jpg,33.42639083,-111.9293267,0.638548933,0.009508716,26
4660,./user_rgb/image4660_20_29_41.jpg,33.42631518,-111.9292478,0.534871928,0.634706815,23
4139,./user_rgb/image4139_20_28_34.jpg,33.42651845,-111.9293183,0.813449916,0.076069731,30
3371,./user_rgb/image3371_20_26_56.jpg,33.42639651,-111.9293267,0.646333274,0.009508716,26
2058,./user_rgb/image2058_20_24_09.jpg,33.42624668,-111.9292068,0.440993874,0.959587956,19
1019,./user_rgb/image1019_20_21_56.jpg,33.42624705,-111.9293167,0.441500952,0.088748019,19
2925,./user_rgb/image2925_20_25_59.jpg,33.42655018,-111.9292448,0.856935327,0.658478605,30
1033,./user_rgb/image1033_20_21_58.jpg,33.42615878,-111.9293154,0.320528458,0.099049128,13
347,./user_rgb/image347_20_20_31.jpg,33.42612323,-111.9293146,0.271807804,0.105388273,10
996,./user_rgb/image996_20_21_53.jpg,33.42638351,-111.9293187,0.628517001,0.072900159,26
1726,./user_rgb/image1726_20_23_26.jpg,33.42650392,-111.9293088,0.793536804,0.151347068,29
3400,./user_rgb/image3400_20_27_00.jpg,33.42623862,-111.9293229,0.429947785,0.039619651,18
2050,./user_rgb/image2050_20_24_08.jpg,33.42617048,-111.9292067,0.336563104,0.960380349,15
3771,./user_rgb/image3771_20_27_48.jpg,33.42632187,-111.9292426,0.544040457,0.675911252,23
363,./user_rgb/image363_20_20_33.jpg,33.4260337,-111.9293132,0.149108501,0.116481775,4
2066,./user_rgb/image2066_20_24_10.jpg,33.42632232,-111.9292076,0.544657174,0.953248811,22
3370,./user_rgb/image3370_20_26_56.jpg,33.42640222,-111.9293268,0.654158729,0.008716323,27
3775,./user_rgb/image3775_20_27_48.jpg,33.42634882,-111.929243,0.580974961,0.67274168,24
1434,./user_rgb/image1434_20_22_49.jpg,33.42646128,-111.9292122,0.735099429,0.916798732,26
1373,./user_rgb/image1373_20_22_42.jpg,33.42611653,-111.9292059,0.26262557,0.966719493,12
2026,./user_rgb/image2026_20_24_04.jpg,33.42593165,-111.9292017,0.009250757,1,3
4164,./user_rgb/image4164_20_28_37.jpg,33.42636489,-111.9293164,0.602998616,0.091125198,25
4934,./user_rgb/image4934_20_30_15.jpg,33.42633012,-111.929321,0.555346938,0.054675119,22
1042,./user_rgb/image1042_20_21_59.jpg,33.42610289,-111.9293142,0.243932189,0.108557845,10
1056,./user_rgb/image1056_20_22_01.jpg,33.42601343,-111.9293122,0.12132882,0.124405705,4
4652,./user_rgb/image4652_20_29_40.jpg,33.42621219,-111.9292465,0.393725931,0.645007924,18
3717,./user_rgb/image3717_20_27_41.jpg,33.42596246,-111.9292386,0.051475324,0.707606973,4
2068,./user_rgb/image2068_20_24_10.jpg,33.4263412,-111.9292078,0.570531884,0.951664025,23
2046,./user_rgb/image2046_20_24_07.jpg,33.4261322,-111.9292065,0.284101032,0.961965135,13
1752,./user_rgb/image1752_20_23_30.jpg,33.42632573,-111.9293103,0.549330519,0.139461173,23
1769,./user_rgb/image1769_20_23_32.jpg,33.42619877,-111.9293101,0.375334055,0.141045959,15
2059,./user_rgb/image2059_20_24_09.jpg,33.42625618,-111.9292069,0.454013458,0.958795563,19
3718,./user_rgb/image3718_20_27_41.jpg,33.42596885,-111.9292387,0.060232708,0.70681458,4
771,./user_rgb/image771_20_21_25.jpg,33.42660113,-111.9292483,0.926761413,0.630744849,31
1401,./user_rgb/image1401_20_22_45.jpg,33.42627108,-111.9292087,0.474433648,0.944532488,20
4946,./user_rgb/image4946_20_30_17.jpg,33.42618448,-111.9293166,0.35574986,0.089540412,13
1792,./user_rgb/image1792_20_23_35.jpg,33.42602473,-111.9293056,0.136815273,0.176703645,4
1782,./user_rgb/image1782_20_23_33.jpg,33.42610035,-111.9293077,0.240451163,0.160063391,8
773,./user_rgb/image773_20_21_25.jpg,33.42661284,-111.9292485,0.942809763,0.629160063,31
3740,./user_rgb/image3740_20_27_44.jpg,33.42611169,-111.9292404,0.255992435,0.693343899,12
2866,./user_rgb/image2866_20_25_52.jpg,33.42618798,-111.9292377,0.360546548,0.71473851,16
2927,./user_rgb/image2927_20_26_00.jpg,33.42656266,-111.9292449,0.874038949,0.657686212,30
2883,./user_rgb/image2883_20_25_54.jpg,33.426292,-111.9292385,0.503104143,0.708399366,21
2922,./user_rgb/image2922_20_25_59.jpg,33.4265313,-111.9292444,0.831060616,0.661648177,29
1342,./user_rgb/image1342_20_22_38.jpg,33.42594527,-111.9292027,0.027916729,0.99207607,4
339,./user_rgb/image339_20_20_30.jpg,33.42616675,-111.9293153,0.331451204,0.099841521,14
3433,./user_rgb/image3433_20_27_04.jpg,33.42605931,-111.9293186,0.184206559,0.073692552,6
2030,./user_rgb/image2030_20_24_05.jpg,33.42597516,-111.9292027,0.068880453,0.99207607,5
1793,./user_rgb/image1793_20_23_35.jpg,33.42601718,-111.9293055,0.126468129,0.177496038,3
748,./user_rgb/image748_20_21_22.jpg,33.42645778,-111.9292462,0.73030274,0.647385103,27
337,./user_rgb/image337_20_20_30.jpg,33.42617758,-111.9293155,0.34629353,0.098256735,14
2900,./user_rgb/image2900_20_25_56.jpg,33.42639493,-111.929241,0.644167912,0.68858954,25
2478,./user_rgb/image2478_20_25_02.jpg,33.42647622,-111.9292807,0.755574438,0.374009509,28
712,./user_rgb/image712_20_21_17.jpg,33.42624385,-111.9292434,0.437115408,0.669572108,19
686,./user_rgb/image686_20_21_14.jpg,33.42609011,-111.9292416,0.226417422,0.683835182,10
1432,./user_rgb/image1432_20_22_49.jpg,33.42644947,-111.929212,0.71891403,0.918383518,27
2918,./user_rgb/image2918_20_25_59.jpg,33.42650639,-111.9292439,0.796921896,0.665610143,29
2870,./user_rgb/image2870_20_25_52.jpg,33.42621125,-111.9292377,0.392437677,0.71473851,17
967,./user_rgb/image967_20_21_50.jpg,33.42655137,-111.9293184,0.858566201,0.075277338,31
3358,./user_rgb/image3358_20_26_54.jpg,33.42647245,-111.9293274,0.750407719,0.003961965,29
4639,./user_rgb/image4639_20_29_38.jpg,33.42604247,-111.9292456,0.161127633,0.652139461,8
2032,./user_rgb/image2032_20_24_05.jpg,33.42599692,-111.9292032,0.098702153,0.988114105,6
4635,./user_rgb/image4635_20_29_37.jpg,33.42599718,-111.9292452,0.099058478,0.655309033,7
2836,./user_rgb/image2836_20_25_48.jpg,33.42601652,-111.9292354,0.125563611,0.73296355,7
3810,./user_rgb/image3810_20_27_53.jpg,33.42659882,-111.9292467,0.923595598,0.643423138,30
716,./user_rgb/image716_20_21_18.jpg,33.4262667,-111.9292437,0.468430935,0.667194929,20
3442,./user_rgb/image3442_20_27_05.jpg,33.42600816,-111.9293178,0.114106377,0.080031696,4
1362,./user_rgb/image1362_20_22_40.jpg,33.42605271,-111.9292048,0.175161374,0.975435816,8
1402,./user_rgb/image1402_20_22_45.jpg,33.42627669,-111.9292088,0.482122055,0.943740095,20
741,./user_rgb/image741_20_21_21.jpg,33.42641667,-111.9292458,0.673962202,0.650554675,26
1759,./user_rgb/image1759_20_23_30.jpg,33.42627408,-111.9293105,0.478545096,0.137876387,19
314,./user_rgb/image314_20_20_27.jpg,33.42630142,-111.9293176,0.516014089,0.081616482,22
279,./user_rgb/image279_20_20_22.jpg,33.42648637,-111.9293222,0.769484836,0.045166403,29
4936,./user_rgb/image4936_20_30_16.jpg,33.42630588,-111.9293204,0.522126441,0.059429477,21
4159,./user_rgb/image4159_20_28_37.jpg,33.42639551,-111.9293168,0.644962791,0.087955626,27
2504,./user_rgb/image2504_20_25_06.jpg,33.4262299,-111.9292786,0.417997177,0.390649762,17
306,./user_rgb/image306_20_20_26.jpg,33.42634401,-111.9293187,0.57438294,0.072900159,24
772,./user_rgb/image772_20_21_25.jpg,33.426607,-111.9292484,0.934806145,0.629952456,31
722,./user_rgb/image722_20_21_19.jpg,33.42630193,-111.9292442,0.516713035,0.663232964,23
2090,./user_rgb/image2090_20_24_13.jpg,33.42655699,-111.9292105,0.866268313,0.930269414,29
365,./user_rgb/image365_20_20_33.jpg,33.42602197,-111.929313,0.133032741,0.118066561,4
3396,./user_rgb/image3396_20_26_59.jpg,33.42625993,-111.9293235,0.459152768,0.034865293,20
723,./user_rgb/image723_20_21_19.jpg,33.42630851,-111.9292443,0.52573081,0.662440571,22
1371,./user_rgb/image1371_20_22_41.jpg,33.42610576,-111.9292057,0.247865473,0.968304279,11
4679,./user_rgb/image4679_20_29_43.jpg,33.4265844,-111.9292518,0.90383324,0.603011093,31
4954,./user_rgb/image4954_20_30_18.jpg,33.4260933,-111.9293131,0.230789261,0.117274168,7
1459,./user_rgb/image1459_20_22_53.jpg,33.42661735,-111.9292152,0.94899064,0.893026941,31
1783,./user_rgb/image1783_20_23_33.jpg,33.42609276,-111.9293076,0.2300492,0.160855784,8
1420,./user_rgb/image1420_20_22_48.jpg,33.42637949,-111.9292106,0.623007661,0.929477021,24
1035,./user_rgb/image1035_20_21_58.jpg,33.42614498,-111.9293152,0.301615799,0.100633914,12
2488,./user_rgb/image2488_20_25_03.jpg,33.42638554,-111.9292799,0.63129908,0.380348653,25
2034,./user_rgb/image2034_20_24_06.jpg,33.42601724,-111.9292038,0.126550358,0.983359746,7
3380,./user_rgb/image3380_20_26_57.jpg,33.42634607,-111.9293258,0.577206134,0.016640254,24
2079,./user_rgb/image2079_20_24_11.jpg,33.42644465,-111.929209,0.712308304,0.942155309,26
662,./user_rgb/image662_20_21_11.jpg,33.42593959,-111.9292403,0.020132389,0.694136292,3
3418,./user_rgb/image3418_20_27_02.jpg,33.42614177,-111.9293204,0.29721655,0.059429477,12
1058,./user_rgb/image1058_20_22_01.jpg,33.42599936,-111.929312,0.10204613,0.125990491,3
753,./user_rgb/image753_20_21_23.jpg,33.42648824,-111.9292465,0.772047638,0.645007924,28
3383,./user_rgb/image3383_20_26_58.jpg,33.42632982,-111.9293254,0.554935793,0.019809826,23
4210,./user_rgb/image4210_20_28_43.jpg,33.42607358,-111.9293105,0.203763345,0.137876387,7
3392,./user_rgb/image3392_20_26_59.jpg,33.42628144,-111.929324,0.488631847,0.030903328,21
676,./user_rgb/image676_20_21_13.jpg,33.42602457,-111.9292411,0.136595995,0.687797147,7
1018,./user_rgb/image1018_20_21_56.jpg,33.42625299,-111.9293167,0.449641619,0.088748019,19
2067,./user_rgb/image2067_20_24_10.jpg,33.42633176,-111.9292077,0.557594529,0.952456418,23
1006,./user_rgb/image1006_20_21_55.jpg,33.42632442,-111.9293178,0.547535187,0.080031696,23
2037,./user_rgb/image2037_20_24_06.jpg,33.42604593,-111.9292047,0.165869503,0.976228209,8
1416,./user_rgb/image1416_20_22_47.jpg,33.4263564,-111.9292103,0.591363219,0.9318542,23
1029,./user_rgb/image1029_20_21_58.jpg,33.42618621,-111.9293158,0.358120794,0.095879556,14
342,./user_rgb/image342_20_20_30.jpg,33.4261505,-111.9293151,0.309180863,0.101426307,13
2523,./user_rgb/image2523_20_25_08.jpg,33.42604914,-111.9292766,0.170268752,0.406497623,6
3441,./user_rgb/image3441_20_27_05.jpg,33.4260139,-111.9293178,0.121972947,0.080031696,3
1039,./user_rgb/image1039_20_21_59.jpg,33.42612093,-111.9293147,0.268655694,0.10459588,10
4187,./user_rgb/image4187_20_28_40.jpg,33.42621756,-111.929314,0.401085422,0.110142631,16
1350,./user_rgb/image1350_20_22_39.jpg,33.42599014,-111.9292034,0.089410281,0.986529318,6
1022,./user_rgb/image1022_20_21_57.jpg,33.42622905,-111.9293163,0.416832267,0.091917591,18
3425,./user_rgb/image3425_20_27_03.jpg,33.42610356,-111.9293196,0.244850412,0.065768621,9
2041,./user_rgb/image2041_20_24_06.jpg,33.42608418,-111.9292056,0.21829046,0.969096672,10
2051,./user_rgb/image2051_20_24_08.jpg,33.42618005,-111.9292066,0.349678622,0.961172742,16
270,./user_rgb/image270_20_20_21.jpg,33.42653312,-111.9293221,0.833554895,0.045958796,30
2842,./user_rgb/image2842_20_25_49.jpg,33.42605052,-111.9292361,0.172160018,0.727416799,8
3429,./user_rgb/image3429_20_27_03.jpg,33.42608148,-111.9293192,0.214590157,0.068938193,7
702,./user_rgb/image702_20_21_16.jpg,33.42618568,-111.9292428,0.357394439,0.674326466,16
3395,./user_rgb/image3395_20_26_59.jpg,33.42626532,-111.9293236,0.466539669,0.0340729,20
1778,./user_rgb/image1778_20_23_33.jpg,33.42613059,-111.9293085,0.281894555,0.153724247,11
2874,./user_rgb/image2874_20_25_53.jpg,33.42623465,-111.9292378,0.424506969,0.713946117,19
11,./user_rgb/image11_20_19_48.jpg,33.42654079,-111.9292494,0.844066496,0.622028526,29
1788,./user_rgb/image1788_20_23_34.jpg,33.42605502,-111.9293064,0.178327189,0.170364501,6
13,./user_rgb/image13_20_19_49.jpg,33.42655621,-111.9292496,0.865199337,0.62044374,29
745,./user_rgb/image745_20_21_22.jpg,33.42644011,-111.929246,0.706086313,0.648969889,27
2859,./user_rgb/image2859_20_25_51.jpg,33.42614749,-111.9292373,0.30505571,0.717908082,13
2490,./user_rgb/image2490_20_25_04.jpg,33.42636475,-111.9292798,0.602806748,0.381141046,23
8,./user_rgb/image8_20_19_48.jpg,33.42652045,-111.9292491,0.816190881,0.624405705,29
271,./user_rgb/image271_20_20_21.jpg,33.42652798,-111.9293222,0.826510614,0.045166403,30
5,./user_rgb/image5_20_19_48.jpg,33.42649991,-111.9292488,0.788041169,0.626782884,28
2517,./user_rgb/image2517_20_25_07.jpg,33.42610993,-111.929277,0.253580386,0.403328051,9
680,./user_rgb/image680_20_21_13.jpg,33.42605259,-111.9292413,0.174996916,0.686212361,8
4959,./user_rgb/image4959_20_30_19.jpg,33.4260412,-111.9293112,0.15938712,0.132329636,4
663,./user_rgb/image663_20_21_11.jpg,33.42594539,-111.9292405,0.028081187,0.692551505,3
669,./user_rgb/image669_20_21_12.jpg,33.42598069,-111.9292409,0.076459221,0.689381933,5
3385,./user_rgb/image3385_20_26_58.jpg,33.42631903,-111.9293251,0.540148286,0.022187005,23
4163,./user_rgb/image4163_20_28_37.jpg,33.426371,-111.9293165,0.611372264,0.090332805,24
12,./user_rgb/image12_20_19_49.jpg,33.42654855,-111.9292495,0.85470144,0.621236133,30
2916,./user_rgb/image2916_20_25_58.jpg,33.42649392,-111.9292436,0.779831979,0.667987322,29
4922,./user_rgb/image4922_20_30_14.jpg,33.42647902,-111.929322,0.759411789,0.046751189,27
273,./user_rgb/image273_20_20_22.jpg,33.42651763,-111.9293222,0.81232612,0.045166403,29
2099,./user_rgb/image2099_20_24_14.jpg,33.42664499,-111.9292116,0.986870777,0.92155309,31
3757,./user_rgb/image3757_20_27_46.jpg,33.42622906,-111.9292414,0.416845971,0.685419968,18
757,./user_rgb/image757_20_21_23.jpg,33.42651548,-111.9292468,0.809379583,0.642630745,28
4663,./user_rgb/image4663_20_29_41.jpg,33.42635481,-111.9292483,0.589184152,0.630744849,25
1367,./user_rgb/image1367_20_22_41.jpg,33.42608126,-111.9292052,0.214288651,0.972266244,10
1015,./user_rgb/image1015_20_21_56.jpg,33.42627086,-111.9293169,0.474132142,0.087163233,20
4192,./user_rgb/image4192_20_28_41.jpg,33.42618644,-111.9293132,0.358436005,0.116481775,15
709,./user_rgb/image709_20_21_17.jpg,33.4262265,-111.9292432,0.413337536,0.671156894,19
4948,./user_rgb/image4948_20_30_17.jpg,33.42615966,-111.9293156,0.321734483,0.097464342,12
3796,./user_rgb/image3796_20_27_51.jpg,33.42649278,-111.9292447,0.778269629,0.659270998,28
1054,./user_rgb/image1054_20_22_01.jpg,33.42602744,-111.9293124,0.14052928,0.122820919,5
2073,./user_rgb/image2073_20_24_10.jpg,33.42638832,-111.9292085,0.635109022,0.946117274,24
3422,./user_rgb/image3422_20_27_03.jpg,33.42612003,-111.92932,0.267422259,0.062599049,10
1425,./user_rgb/image1425_20_22_48.jpg,33.4264085,-111.9292111,0.66276536,0.925515055,25
2886,./user_rgb/image2886_20_25_54.jpg,33.42631093,-111.9292389,0.529047378,0.705229794,22
1761,./user_rgb/image1761_20_23_31.jpg,33.42625907,-111.9293105,0.457974153,0.137876387,19
1754,./user_rgb/image1754_20_23_30.jpg,33.42631113,-111.9293103,0.529321474,0.139461173,22
2849,./user_rgb/image2849_20_25_50.jpg,33.42609026,-111.9292368,0.226622994,0.721870048,10
1775,./user_rgb/image1775_20_23_32.jpg,33.42615335,-111.9293092,0.313086738,0.148177496,12
4676,./user_rgb/image4676_20_29_43.jpg,33.42653558,-111.9292512,0.836926282,0.607765452,29
1354,./user_rgb/image1354_20_22_39.jpg,33.42601078,-111.9292035,0.117697041,0.985736925,7
973,./user_rgb/image973_20_21_50.jpg,33.42652025,-111.9293188,0.815916784,0.072107765,30
2044,./user_rgb/image2044_20_24_07.jpg,33.42611301,-111.9292062,0.257801472,0.964342314,12
1727,./user_rgb/image1727_20_23_26.jpg,33.42649764,-111.9293088,0.784930174,0.151347068,30
2880,./user_rgb/image2880_20_25_54.jpg,33.42627165,-111.9292382,0.475214823,0.710776545,21
1781,./user_rgb/image1781_20_23_33.jpg,33.4261079,-111.9293079,0.250798306,0.158478605,9
3720,./user_rgb/image3720_20_27_41.jpg,33.42598177,-111.9292388,0.077939342,0.706022187,5
750,./user_rgb/image750_20_21_22.jpg,33.42646959,-111.9292463,0.746488138,0.64659271,27
2078,./user_rgb/image2078_20_24_11.jpg,33.42643526,-111.9292089,0.699439473,0.942947702,26
3777,./user_rgb/image3777_20_27_48.jpg,33.42636228,-111.9292432,0.599421656,0.671156894,24
698,./user_rgb/image698_20_21_16.jpg,33.42616206,-111.9292425,0.325023641,0.676703645,14
1456,./user_rgb/image1456_20_22_52.jpg,33.426599,-111.9292148,0.923842285,0.896196513,28
4650,./user_rgb/image4650_20_29_39.jpg,33.42618521,-111.9292463,0.356750312,0.64659271,16
697,./user_rgb/image697_20_21_15.jpg,33.42615616,-111.9292424,0.316937794,0.677496038,14
2928,./user_rgb/image2928_20_26_00.jpg,33.42656894,-111.929245,0.88264558,0.656893819,31
2527,./user_rgb/image2527_20_25_09.jpg,33.4260081,-111.9292778,0.114024148,0.396988907,4
4158,./user_rgb/image4158_20_28_37.jpg,33.42640164,-111.9293169,0.653363849,0.087163233,26
2840,./user_rgb/image2840_20_25_49.jpg,33.42603922,-111.9292358,0.156673565,0.729793978,7
1760,./user_rgb/image1760_20_23_31.jpg,33.42626658,-111.9293105,0.468266477,0.137876387,19
3779,./user_rgb/image3779_20_27_49.jpg,33.42637581,-111.9292433,0.617964285,0.670364501,25
2064,./user_rgb/image2064_20_24_09.jpg,33.42630348,-111.9292073,0.518837283,0.95562599,21
3800,./user_rgb/image3800_20_27_51.jpg,33.42652074,-111.9292452,0.816588321,0.655309033,29
1451,./user_rgb/image1451_20_22_52.jpg,33.42656856,-111.9292143,0.882124796,0.900158479,29
2834,./user_rgb/image2834_20_25_48.jpg,33.42600515,-111.9292352,0.109981224,0.734548336,6
717,./user_rgb/image717_20_21_18.jpg,33.42627242,-111.9292437,0.476270095,0.667194929,20
1405,./user_rgb/image1405_20_22_46.jpg,33.42629374,-111.9292093,0.505488783,0.93977813,21
4634,./user_rgb/image4634_20_29_37.jpg,33.42598623,-111.9292451,0.084051695,0.656101426,5
1787,./user_rgb/image1787_20_23_34.jpg,33.42606259,-111.9293066,0.188701742,0.168779715,7
671,./user_rgb/image671_20_21_12.jpg,33.42599262,-111.9292409,0.092809078,0.689381933,6
1429,./user_rgb/image1429_20_22_49.jpg,33.42643185,-111.9292116,0.694766127,0.92155309,26
728,./user_rgb/image728_20_21_19.jpg,33.42634148,-111.9292448,0.570915619,0.658478605,23
1050,./user_rgb/image1050_20_22_00.jpg,33.42605438,-111.929313,0.17745008,0.118066561,5
3716,./user_rgb/image3716_20_27_41.jpg,33.42595612,-111.9292384,0.042786465,0.709191759,4
367,./user_rgb/image367_20_20_33.jpg,33.42601007,-111.9293129,0.116723999,0.118858954,3
300,./user_rgb/image300_20_20_25.jpg,33.42637598,-111.9293197,0.618197267,0.064976228,25
2031,./user_rgb/image2031_20_24_05.jpg,33.42598604,-111.929203,0.083791303,0.989698891,5
1387,./user_rgb/image1387_20_22_43.jpg,33.42619312,-111.9292073,0.367590829,0.95562599,16
3393,./user_rgb/image3393_20_26_59.jpg,33.42627607,-111.9293239,0.481272356,0.031695721,20
2511,./user_rgb/image2511_20_25_06.jpg,33.42616535,-111.9292778,0.329532528,0.396988907,13
3803,./user_rgb/image3803_20_27_52.jpg,33.42654292,-111.9292456,0.846985624,0.652139461,29
977,./user_rgb/image977_20_21_51.jpg,33.42649826,-111.9293192,0.785779873,0.068938193,29
3423,./user_rgb/image3423_20_27_03.jpg,33.42611455,-111.9293199,0.259912015,0.063391442,10
1366,./user_rgb/image1366_20_22_41.jpg,33.42607519,-111.9292051,0.205969822,0.973058637,10
4211,./user_rgb/image4211_20_28_43.jpg,33.42606717,-111.9293105,0.194978552,0.137876387,7
1785,./user_rgb/image1785_20_23_34.jpg,33.4260777,-111.9293071,0.209409733,0.16481775,7
3375,./user_rgb/image3375_20_26_57.jpg,33.42637389,-111.9293264,0.615332959,0.011885895,26
4213,./user_rgb/image4213_20_28_44.jpg,33.42605467,-111.9293102,0.17784752,0.140253566,6
3739,./user_rgb/image3739_20_27_43.jpg,33.42610516,-111.9292403,0.247043184,0.694136292,12
2917,./user_rgb/image2917_20_25_58.jpg,33.42650021,-111.9292438,0.788452314,0.666402536,28
695,./user_rgb/image695_20_21_15.jpg,33.42614425,-111.9292422,0.300615347,0.679080824,14
3748,./user_rgb/image3748_20_27_45.jpg,33.42616471,-111.9292409,0.32865542,0.689381933,14
1339,./user_rgb/image1339_20_22_37.jpg,33.42592982,-111.9292027,0.006742774,0.99207607,3
330,./user_rgb/image330_20_20_29.jpg,33.4262155,-111.9293162,0.398262228,0.092709984,17
274,./user_rgb/image274_20_20_22.jpg,33.42651244,-111.9293222,0.805213316,0.045166403,29
284,./user_rgb/image284_20_20_23.jpg,33.42646018,-111.9293219,0.733591898,0.047543582,30
4157,./user_rgb/image4157_20_28_37.jpg,33.42640776,-111.929317,0.661751203,0.08637084,27
1742,./user_rgb/image1742_20_23_28.jpg,33.42639736,-111.9293097,0.647498184,0.144215531,26
1462,./user_rgb/image1462_20_22_53.jpg,33.42663589,-111.9292156,0.974399386,0.889857369,31
3783,./user_rgb/image3783_20_27_49.jpg,33.42640305,-111.9292436,0.65529623,0.667987322,26
4195,./user_rgb/image4195_20_28_41.jpg,33.4261677,-111.9293128,0.332753162,0.119651347,13
2855,./user_rgb/image2855_20_25_51.jpg,33.4261245,-111.9292372,0.273548316,0.718700475,12
2824,./user_rgb/image2824_20_25_47.jpg,33.42594848,-111.9292344,0.032315978,0.74088748,3
998,./user_rgb/image998_20_21_54.jpg,33.42637171,-111.9293185,0.612345307,0.074484945,25
754,./user_rgb/image754_20_21_23.jpg,33.42649503,-111.9292466,0.781353214,0.644215531,27
4958,./user_rgb/image4958_20_30_18.jpg,33.42605162,-111.9293115,0.173667548,0.129952456,5
1344,./user_rgb/image1344_20_22_38.jpg,33.42595664,-111.9292028,0.043499116,0.991283677,4
706,./user_rgb/image706_20_21_17.jpg,33.42620914,-111.929243,0.389545959,0.67274168,17
1381,./user_rgb/image1381_20_22_43.jpg,33.42616011,-111.9292067,0.3223512,0.960380349,14
2878,./user_rgb/image2878_20_25_53.jpg,33.42625817,-111.929238,0.456740718,0.712361331,20
1438,./user_rgb/image1438_20_22_50.jpg,33.42648487,-111.9292127,0.767429112,0.912836767,28
2912,./user_rgb/image2912_20_25_58.jpg,33.42646915,-111.929243,0.745885126,0.67274168,28
4949,./user_rgb/image4949_20_30_17.jpg,33.42614749,-111.9293151,0.30505571,0.101426307,12
338,./user_rgb/image338_20_20_30.jpg,33.42617217,-111.9293154,0.338879219,0.099049128,14
2065,./user_rgb/image2065_20_24_09.jpg,33.42631286,-111.9292075,0.531692409,0.954041204,22
4209,./user_rgb/image4209_20_28_43.jpg,33.42607976,-111.9293107,0.212232927,0.136291601,7
3722,./user_rgb/image3722_20_27_41.jpg,33.42599489,-111.9292388,0.095920073,0.706022187,6
2095,./user_rgb/image2095_20_24_13.jpg,33.42660373,-111.9292109,0.930324667,0.927099841,29
3356,./user_rgb/image3356_20_26_54.jpg,33.42648447,-111.9293275,0.766880919,0.003169572,29
1013,./user_rgb/image1013_20_21_56.jpg,33.42628282,-111.9293171,0.490523113,0.085578447,21
3734,./user_rgb/image3734_20_27_43.jpg,33.4260725,-111.9292399,0.202283224,0.697305864,9
1768,./user_rgb/image1768_20_23_32.jpg,33.42620631,-111.9293102,0.385667494,0.140253566,15
732,./user_rgb/image732_20_21_20.jpg,33.4263644,-111.9292451,0.602327079,0.656101426,24
364,./user_rgb/image364_20_20_33.jpg,33.42602786,-111.9293131,0.141104883,0.117274168,4
1725,./user_rgb/image1725_20_23_26.jpg,33.42651008,-111.9293088,0.801978977,0.151347068,29
1378,./user_rgb/image1378_20_22_42.jpg,33.42614379,-111.9292064,0.299984925,0.962757528,14
4666,./user_rgb/image4666_20_29_41.jpg,33.42639511,-111.929249,0.644414598,0.625198098,26
4960,./user_rgb/image4960_20_30_19.jpg,33.4260308,-111.9293109,0.145134102,0.134706815,4
2473,./user_rgb/image2473_20_25_02.jpg,33.42652137,-111.929281,0.817451725,0.37163233,29
2884,./user_rgb/image2884_20_25_54.jpg,33.42629882,-111.9292386,0.512450834,0.707606973,21
4194,./user_rgb/image4194_20_28_41.jpg,33.4261739,-111.929313,0.341250154,0.118066561,14
1360,./user_rgb/image1360_20_22_40.jpg,33.42604229,-111.9292047,0.160880946,0.976228209,8
1460,./user_rgb/image1460_20_22_53.jpg,33.42662351,-111.9292154,0.957432812,0.891442155,29
2910,./user_rgb/image2910_20_25_58.jpg,33.42645689,-111.9292427,0.72908301,0.675118859,29
315,./user_rgb/image315_20_20_27.jpg,33.42629606,-111.9293175,0.508668302,0.082408875,22
4197,./user_rgb/image4197_20_28_42.jpg,33.42615501,-111.9293125,0.315361739,0.122028526,13
2076,./user_rgb/image2076_20_24_11.jpg,33.42641647,-111.9292087,0.673688106,0.944532488,26
1465,./user_rgb/image1465_20_22_53.jpg,33.42665457,-111.929216,1,0.886687797,31
4947,./user_rgb/image4947_20_30_17.jpg,33.42617198,-111.9293161,0.338618828,0.093502377,12
4653,./user_rgb/image4653_20_29_40.jpg,33.42622481,-111.9292466,0.411021421,0.644215531,19
2887,./user_rgb/image2887_20_25_55.jpg,33.42631623,-111.929239,0.536310935,0.704437401,22
1346,./user_rgb/image1346_20_22_38.jpg,33.42596815,-111.9292032,0.05927337,0.988114105,4
336,./user_rgb/image336_20_20_29.jpg,33.426183,-111.9293157,0.353721545,0.096671949,15
2039,./user_rgb/image2039_20_24_06.jpg,33.42606508,-111.929205,0.192114243,0.97385103,9
1735,./user_rgb/image1735_20_23_27.jpg,33.42644553,-111.9293092,0.713514328,0.148177496,27
1771,./user_rgb/image1771_20_23_32.jpg,33.42618366,-111.9293098,0.354626064,0.143423138,14
3773,./user_rgb/image3773_20_27_48.jpg,33.42633535,-111.9292428,0.562514561,0.674326466,23
3443,./user_rgb/image3443_20_27_05.jpg,33.42600241,-111.9293177,0.106226102,0.080824089,3
2837,./user_rgb/image2837_20_25_48.jpg,33.42602219,-111.9292355,0.133334247,0.732171157,7
3359,./user_rgb/image3359_20_26_55.jpg,33.42646646,-111.9293273,0.742198528,0.004754358,28
3746,./user_rgb/image3746_20_27_44.jpg,33.42615072,-111.9292408,0.309482369,0.690174326,14
4647,./user_rgb/image4647_20_29_39.jpg,33.42614289,-111.9292461,0.29875149,0.648177496,15
1424,./user_rgb/image1424_20_22_48.jpg,33.42640268,-111.929211,0.654789151,0.926307448,25
2467,./user_rgb/image2467_20_25_01.jpg,33.42657527,-111.9292813,0.891320734,0.369255151,30
3362,./user_rgb/image3362_20_26_55.jpg,33.42644869,-111.9293272,0.717845053,0.005546751,28
761,./user_rgb/image761_20_21_24.jpg,33.42654126,-111.9292472,0.844710623,0.639461173,29
3386,./user_rgb/image3386_20_26_58.jpg,33.42631365,-111.929325,0.53277509,0.022979398,22
1053,./user_rgb/image1053_20_22_01.jpg,33.42603444,-111.9293126,0.150122658,0.121236133,4
2854,./user_rgb/image2854_20_25_50.jpg,33.42611876,-111.9292373,0.265681747,0.717908082,12
354,./user_rgb/image354_20_20_32.jpg,33.42608474,-111.929314,0.21905793,0.110142631,8
359,./user_rgb/image359_20_20_32.jpg,33.42605664,-111.9293136,0.180547371,0.113312203,6
3436,./user_rgb/image3436_20_27_04.jpg,33.42604245,-111.9293183,0.161100223,0.076069731,6
333,./user_rgb/image333_20_20_29.jpg,33.42619925,-111.9293159,0.375991887,0.095087163,16
2085,./user_rgb/image2085_20_24_12.jpg,33.42650636,-111.9292098,0.796880782,0.935816165,27
2835,./user_rgb/image2835_20_25_48.jpg,33.42601084,-111.9292353,0.11777927,0.733755943,7
4920,./user_rgb/image4920_20_30_14.jpg,33.42650439,-111.9293218,0.794180931,0.048335975,28
2872,./user_rgb/image2872_20_25_53.jpg,33.42622293,-111.9292378,0.408444913,0.713946117,18
2828,./user_rgb/image2828_20_25_47.jpg,33.42597104,-111.9292347,0.063234065,0.738510301,4
2881,./user_rgb/image2881_20_25_54.jpg,33.42627841,-111.9292383,0.484479285,0.709984152,21
746,./user_rgb/image746_20_21_22.jpg,33.42644599,-111.9292461,0.71414475,0.648177496,28
4928,./user_rgb/image4928_20_30_15.jpg,33.42640383,-111.9293224,0.656365206,0.043581616,26
3792,./user_rgb/image3792_20_27_50.jpg,33.42646501,-111.9292444,0.740211328,0.661648177,28
730,./user_rgb/image730_20_21_20.jpg,33.42635291,-111.929245,0.586580235,0.656893819,24
1453,./user_rgb/image1453_20_22_52.jpg,33.42658071,-111.9292146,0.898776159,0.8977813,29
3762,./user_rgb/image3762_20_27_46.jpg,33.42626203,-111.9292418,0.462030781,0.682250396,20
2907,./user_rgb/image2907_20_25_57.jpg,33.42643845,-111.9292422,0.703811312,0.679080824,27
1442,./user_rgb/image1442_20_22_50.jpg,33.42650868,-111.9292131,0.800060301,0.909667195,27
3802,./user_rgb/image3802_20_27_51.jpg,33.42653485,-111.9292455,0.835925829,0.652931854,29
2094,./user_rgb/image2094_20_24_13.jpg,33.42659438,-111.9292108,0.917510656,0.927892234,30
4172,./user_rgb/image4172_20_28_38.jpg,33.42631593,-111.9293158,0.53589979,0.095879556,22
1400,./user_rgb/image1400_20_22_45.jpg,33.42626547,-111.9292086,0.466745241,0.945324881,19
1724,./user_rgb/image1724_20_23_26.jpg,33.42651619,-111.9293087,0.810352625,0.152139461,30
3435,./user_rgb/image3435_20_27_04.jpg,33.42604809,-111.9293184,0.168829745,0.075277338,6
2920,./user_rgb/image2920_20_25_59.jpg,33.4265188,-111.9292442,0.813929585,0.663232964,28
1392,./user_rgb/image1392_20_22_44.jpg,33.42622073,-111.9292078,0.405429852,0.951664025,17
981,./user_rgb/image981_20_21_51.jpg,33.42647567,-111.9293194,0.754820672,0.067353407,28
1384,./user_rgb/image1384_20_22_43.jpg,33.42617653,-111.929207,0.344854523,0.958003169,15
1361,./user_rgb/image1361_20_22_40.jpg,33.42604751,-111.9292048,0.168034865,0.975435816,8
989,./user_rgb/image989_20_21_52.jpg,33.42642997,-111.9293193,0.69218962,0.0681458,27
980,./user_rgb/image980_20_21_51.jpg,33.42648145,-111.9293193,0.762742061,0.0681458,28
1057,./user_rgb/image1057_20_22_01.jpg,33.42600642,-111.9293122,0.111721737,0.124405705,4
1404,./user_rgb/image1404_20_22_46.jpg,33.42628806,-111.9292091,0.497704442,0.941362916,20
718,./user_rgb/image718_20_21_18.jpg,33.42627814,-111.9292438,0.484109255,0.666402536,20
4181,./user_rgb/image4181_20_28_40.jpg,33.42625473,-111.9293148,0.452026258,0.103803487,19
1408,./user_rgb/image1408_20_22_46.jpg,33.42631074,-111.9292096,0.528786986,0.937400951,22
3412,./user_rgb/image3412_20_27_01.jpg,33.42617426,-111.9293212,0.341743528,0.053090333,14
1403,./user_rgb/image1403_20_22_45.jpg,33.42628238,-111.929209,0.489920101,0.942155309,20
4206,./user_rgb/image4206_20_28_43.jpg,33.42609844,-111.9293112,0.237833541,0.132329636,9
283,./user_rgb/image283_20_20_23.jpg,33.42646542,-111.929322,0.740773226,0.046751189,29
2844,./user_rgb/image2844_20_25_49.jpg,33.42606191,-111.9292364,0.187769814,0.72503962,8
4648,./user_rgb/image4648_20_29_39.jpg,33.42615691,-111.9292462,0.317965656,0.647385103,15
4651,./user_rgb/image4651_20_29_39.jpg,33.42619964,-111.9292463,0.376526375,0.64659271,18
2088,./user_rgb/image2088_20_24_12.jpg,33.42653834,-111.9292103,0.840708814,0.9318542,28
1394,./user_rgb/image1394_20_22_44.jpg,33.42623191,-111.929208,0.420751847,0.950079239,18
4944,./user_rgb/image4944_20_30_17.jpg,33.42620997,-111.9293175,0.39068346,0.082408875,14
1041,./user_rgb/image1041_20_21_59.jpg,33.4261089,-111.9293144,0.252168789,0.106973059,10
2477,./user_rgb/image2477_20_25_02.jpg,33.42648528,-111.9292808,0.76799101,0.373217116,27
4662,./user_rgb/image4662_20_29_41.jpg,33.42634153,-111.9292481,0.570984144,0.632329636,24
2931,./user_rgb/image2931_20_26_00.jpg,33.42658796,-111.9292454,0.908712158,0.653724247,30
774,./user_rgb/image774_20_21_25.jpg,33.42661866,-111.9292486,0.950785972,0.62836767,31
4945,./user_rgb/image4945_20_30_17.jpg,33.42619714,-111.929317,0.373100169,0.08637084,14
351,./user_rgb/image351_20_20_31.jpg,33.42610131,-111.9293143,0.241766826,0.107765452,9
1012,./user_rgb/image1012_20_21_55.jpg,33.42628881,-111.9293172,0.498732304,0.084786054,22
679,./user_rgb/image679_20_21_13.jpg,33.42604557,-111.9292413,0.165376129,0.686212361,8
294,./user_rgb/image294_20_20_24.jpg,33.4264076,-111.9293208,0.661531925,0.056259905,27
1755,./user_rgb/image1755_20_23_30.jpg,33.42630378,-111.9293104,0.519248427,0.13866878,21
1343,./user_rgb/image1343_20_22_38.jpg,33.42595094,-111.9292027,0.035687366,0.99207607,4
1431,./user_rgb/image1431_20_22_49.jpg,33.42644359,-111.9292118,0.710855592,0.919968304,26
3744,./user_rgb/image3744_20_27_44.jpg,33.42613774,-111.9292407,0.291693505,0.69096672,13
2867,./user_rgb/image2867_20_25_52.jpg,33.42619382,-111.9292377,0.368550167,0.71473851,17
1391,./user_rgb/image1391_20_22_44.jpg,33.42621517,-111.9292077,0.397809969,0.952456418,17
1413,./user_rgb/image1413_20_22_47.jpg,33.42633924,-111.92921,0.567845738,0.934231379,23
358,./user_rgb/image358_20_20_32.jpg,33.42606231,-111.9293137,0.188318007,0.11251981,7
1021,./user_rgb/image1021_20_21_57.jpg,33.42623502,-111.9293164,0.425014047,0.091125198,18
15,./user_rgb/image15_20_19_49.jpg,33.42657124,-111.9292498,0.885797689,0.618858954,30
2871,./user_rgb/image2871_20_25_53.jpg,33.42621709,-111.9292377,0.400441295,0.71473851,17
3749,./user_rgb/image3749_20_27_45.jpg,33.42617211,-111.929241,0.33879699,0.68858954,15
1357,./user_rgb/image1357_20_22_40.jpg,33.42602645,-111.9292039,0.139172503,0.982567353,7
767,./user_rgb/image767_20_21_24.jpg,33.42657737,-111.9292478,0.894198747,0.634706815,30
3355,./user_rgb/image3355_20_26_54.jpg,33.42649045,-111.9293276,0.775076404,0.002377179,30
3731,./user_rgb/image3731_20_27_42.jpg,33.42605308,-111.9292396,0.175668453,0.699683043,8
2069,./user_rgb/image2069_20_24_10.jpg,33.42635062,-111.929208,0.58344183,0.950079239,23
2038,./user_rgb/image2038_20_24_06.jpg,33.4260555,-111.9292049,0.178985021,0.974643423,9
348,./user_rgb/image348_20_20_31.jpg,33.42611776,-111.9293146,0.264311264,0.105388273,10
4677,./user_rgb/image4677_20_29_43.jpg,33.42655178,-111.9292514,0.859128099,0.606180666,31
1025,./user_rgb/image1025_20_21_57.jpg,33.42621107,-111.9293161,0.39219099,0.093502377,16
743,./user_rgb/image743_20_21_21.jpg,33.42642833,-111.9292458,0.689942029,0.650554675,27
713,./user_rgb/image713_20_21_17.jpg,33.42624965,-111.9292435,0.445064207,0.668779715,19
4221,./user_rgb/image4221_20_28_45.jpg,33.42600465,-111.9293094,0.109295983,0.14659271,3
1753,./user_rgb/image1753_20_23_30.jpg,33.42631845,-111.9293103,0.539353406,0.139461173,22
2482,./user_rgb/image2482_20_25_03.jpg,33.42644004,-111.9292804,0.705990379,0.376386688,26
2492,./user_rgb/image2492_20_25_04.jpg,33.42634389,-111.9292796,0.574218482,0.382725832,23
1379,./user_rgb/image1379_20_22_42.jpg,33.42614921,-111.9292065,0.30741294,0.961965135,14
740,./user_rgb/image740_20_21_21.jpg,33.42641083,-111.9292458,0.665958584,0.650554675,26
972,./user_rgb/image972_20_21_50.jpg,33.4265256,-111.9293188,0.823248866,0.072107765,30
4144,./user_rgb/image4144_20_28_35.jpg,33.42648751,-111.929318,0.771047186,0.07844691,28
1763,./user_rgb/image1763_20_23_31.jpg,33.42624403,-111.9293105,0.437362095,0.137876387,18
2528,./user_rgb/image2528_20_25_09.jpg,33.42599884,-111.9292784,0.10133348,0.392234548,3
4649,./user_rgb/image4649_20_29_39.jpg,33.42617102,-111.9292462,0.337303164,0.647385103,17
1052,./user_rgb/image1052_20_22_01.jpg,33.42604144,-111.9293128,0.159716036,0.119651347,5
2070,./user_rgb/image2070_20_24_10.jpg,33.42636002,-111.9292081,0.596324366,0.949286846,24
3346,./user_rgb/image3346_20_26_53.jpg,33.4265451,-111.9293279,0.849973276,0,31
3795,./user_rgb/image3795_20_27_51.jpg,33.42648579,-111.9292446,0.768689956,0.660063391,27
1003,./user_rgb/image1003_20_21_54.jpg,33.42634226,-111.929318,0.571984596,0.07844691,24
4656,./user_rgb/image4656_20_29_40.jpg,33.42626312,-111.9292471,0.463524607,0.640253566,21
4925,./user_rgb/image4925_20_30_14.jpg,33.42644131,-111.9293224,0.707730892,0.043581616,27
2857,./user_rgb/image2857_20_25_51.jpg,33.42613599,-111.9292372,0.289295161,0.718700475,13
4918,./user_rgb/image4918_20_30_13.jpg,33.42652987,-111.9293216,0.829100826,0.049920761,30
1719,./user_rgb/image1719_20_23_25.jpg,33.42654583,-111.9293083,0.850973728,0.155309033,31
4669,./user_rgb/image4669_20_29_42.jpg,33.426436,-111.9292496,0.70045363,0.62044374,27
1767,./user_rgb/image1767_20_23_31.jpg,33.42621383,-111.9293103,0.395973522,0.139461173,17
4629,./user_rgb/image4629_20_29_37.jpg,33.42593412,-111.9292445,0.012635849,0.660855784,3
3714,./user_rgb/image3714_20_27_40.jpg,33.42594344,-111.9292385,0.025408746,0.708399366,3
4184,./user_rgb/image4184_20_28_40.jpg,33.42623622,-111.9293144,0.426658627,0.106973059,18
683,./user_rgb/image683_20_21_14.jpg,33.42607188,-111.9292415,0.201433525,0.684627575,10
1388,./user_rgb/image1388_20_22_44.jpg,33.4261986,-111.9292074,0.375101073,0.954833597,16
678,./user_rgb/image678_20_21_13.jpg,33.42603855,-111.9292413,0.155755341,0.686212361,8
278,./user_rgb/image278_20_20_22.jpg,33.4264916,-111.9293222,0.776652459,0.045166403,28
1345,./user_rgb/image1345_20_22_38.jpg,33.42596238,-111.929203,0.051365686,0.989698891,4
1376,./user_rgb/image1376_20_22_42.jpg,33.42613283,-111.9292062,0.284964436,0.964342314,13
352,./user_rgb/image352_20_20_31.jpg,33.4260958,-111.9293143,0.234215467,0.107765452,8
3786,./user_rgb/image3786_20_27_49.jpg,33.42642348,-111.9292438,0.683295188,0.666402536,26
747,./user_rgb/image747_20_21_22.jpg,33.42645188,-111.9292461,0.722216893,0.648177496,27
3808,./user_rgb/image3808_20_27_52.jpg,33.42658349,-111.9292463,0.902586101,0.64659271,30
331,./user_rgb/image331_20_20_29.jpg,33.42621008,-111.9293161,0.390834213,0.093502377,16
3733,./user_rgb/image3733_20_27_43.jpg,33.42606601,-111.9292398,0.193388792,0.698098257,9
14,./user_rgb/image14_20_19_49.jpg,33.42656377,-111.9292497,0.875560185,0.619651347,30
305,./user_rgb/image305_20_20_26.jpg,33.42634932,-111.9293188,0.581660203,0.072107765,24
710,./user_rgb/image710_20_21_17.jpg,33.42623229,-111.9292433,0.42127263,0.670364501,19
3738,./user_rgb/image3738_20_27_43.jpg,33.42609853,-111.9292403,0.237956885,0.694136292,10
987,./user_rgb/image987_20_21_52.jpg,33.42644147,-111.9293193,0.707950169,0.0681458,28
684,./user_rgb/image684_20_21_14.jpg,33.42607797,-111.9292416,0.209779763,0.683835182,10
4204,./user_rgb/image4204_20_28_43.jpg,33.42611101,-111.9293114,0.255060507,0.130744849,9
4198,./user_rgb/image4198_20_28_42.jpg,33.42614869,-111.9293124,0.306700289,0.122820919,13
3426,./user_rgb/image3426_20_27_03.jpg,33.42609805,-111.9293195,0.237299053,0.066561014,8
2493,./user_rgb/image2493_20_25_04.jpg,33.42633344,-111.9292796,0.55989694,0.382725832,22
277,./user_rgb/image277_20_20_22.jpg,33.42649682,-111.9293222,0.783806378,0.045166403,29
1358,./user_rgb/image1358_20_22_40.jpg,33.42603176,-111.9292042,0.146449765,0.980190174,7
4217,./user_rgb/image4217_20_28_44.jpg,33.42602967,-111.9293097,0.143585456,0.144215531,4
4923,./user_rgb/image4923_20_30_14.jpg,33.4264664,-111.9293221,0.742116299,0.045958796,28
1412,./user_rgb/image1412_20_22_47.jpg,33.42633353,-111.9292099,0.560020283,0.935023772,23
299,./user_rgb/image299_20_20_25.jpg,33.42638126,-111.9293199,0.625433415,0.063391442,26
3438,./user_rgb/image3438_20_27_05.jpg,33.42603102,-111.9293181,0.145435608,0.077654517,4
4644,./user_rgb/image4644_20_29_38.jpg,33.42610136,-111.929246,0.24183535,0.648969889,12
3404,./user_rgb/image3404_20_27_00.jpg,33.42621725,-111.9293223,0.400660573,0.04437401,17
4957,./user_rgb/image4957_20_30_18.jpg,33.42606187,-111.9293118,0.187714994,0.127575277,6
1463,./user_rgb/image1463_20_22_53.jpg,33.4266421,-111.9292157,0.982910083,0.889064976,30
1734,./user_rgb/image1734_20_23_27.jpg,33.42645217,-111.9293091,0.722614333,0.148969889,28
291,./user_rgb/image291_20_20_24.jpg,33.42642335,-111.9293211,0.683117026,0.053882726,27
3406,./user_rgb/image3406_20_27_00.jpg,33.42620648,-111.929322,0.385900476,0.046751189,16
3798,./user_rgb/image3798_20_27_51.jpg,33.42650675,-111.929245,0.79741527,0.656893819,28
667,./user_rgb/image667_20_21_12.jpg,33.42596885,-111.9292409,0.060232708,0.689381933,4
1738,./user_rgb/image1738_20_23_28.jpg,33.4264251,-111.9293094,0.68551537,0.14659271,27
742,./user_rgb/image742_20_21_21.jpg,33.4264225,-111.9292458,0.681952115,0.650554675,27
1722,./user_rgb/image1722_20_23_26.jpg,33.42652823,-111.9293086,0.826853235,0.152931854,30
2084,./user_rgb/image2084_20_24_12.jpg,33.42649566,-111.9292096,0.782216618,0.937400951,27
1718,./user_rgb/image1718_20_23_25.jpg,33.42655147,-111.9293083,0.858703249,0.155309033,30
986,./user_rgb/image986_20_21_52.jpg,33.42644722,-111.9293194,0.715830444,0.067353407,27
2077,./user_rgb/image2077_20_24_11.jpg,33.42642587,-111.9292088,0.686570642,0.943740095,26
1443,./user_rgb/image1443_20_22_50.jpg,33.42651452,-111.9292133,0.808063919,0.908082409,27
3730,./user_rgb/image3730_20_27_42.jpg,33.42604672,-111.9292395,0.166952184,0.700475436,9
4637,./user_rgb/image4637_20_29_38.jpg,33.42601955,-111.9292455,0.129716173,0.652931854,7
764,./user_rgb/image764_20_21_24.jpg,33.42655931,-111.9292475,0.869447833,0.637083994,29
329,./user_rgb/image329_20_20_29.jpg,33.42622092,-111.9293163,0.405690244,0.091917591,17
269,./user_rgb/image269_20_20_21.jpg,33.42653826,-111.929322,0.840599175,0.046751189,31
3394,./user_rgb/image3394_20_26_59.jpg,33.4262707,-111.9293237,0.473912865,0.033280507,20
1370,./user_rgb/image1370_20_22_41.jpg,33.42609965,-111.9292056,0.239491825,0.969096672,11
995,./user_rgb/image995_20_21_53.jpg,33.42639017,-111.9293188,0.637644415,0.072107765,26
3756,./user_rgb/image3756_20_27_46.jpg,33.42622249,-111.9292413,0.407841901,0.686212361,18
312,./user_rgb/image312_20_20_26.jpg,33.42631214,-111.9293178,0.530705661,0.080031696,23
1040,./user_rgb/image1040_20_21_59.jpg,33.42611491,-111.9293145,0.260405389,0.106180666,10
272,./user_rgb/image272_20_20_21.jpg,33.42652281,-111.9293222,0.81942522,0.045166403,30
1383,./user_rgb/image1383_20_22_43.jpg,33.42617105,-111.9292069,0.337344279,0.958795563,14
1757,./user_rgb/image1757_20_23_30.jpg,33.42628898,-111.9293105,0.498965286,0.137876387,20
687,./user_rgb/image687_20_21_14.jpg,33.42609616,-111.9292417,0.234708841,0.683042789,12
4152,./user_rgb/image4152_20_28_36.jpg,33.42643839,-111.9293174,0.703729083,0.083201268,27
726,./user_rgb/image726_20_21_19.jpg,33.42632826,-111.9292446,0.55279784,0.660063391,23
3349,./user_rgb/image3349_20_26_53.jpg,33.42652555,-111.9293278,0.823180342,0.000792393,30
2497,./user_rgb/image2497_20_25_05.jpg,33.42629417,-111.9292792,0.50607809,0.385895404,20
2848,./user_rgb/image2848_20_25_50.jpg,33.42608457,-111.9292367,0.218824948,0.722662441,10
4950,./user_rgb/image4950_20_30_17.jpg,33.42613531,-111.9293146,0.288363233,0.105388273,10
3351,./user_rgb/image3351_20_26_54.jpg,33.42651399,-111.9293277,0.807337564,0.001584786,29
4188,./user_rgb/image4188_20_28_41.jpg,33.42621136,-111.9293138,0.39258843,0.111727417,17
3766,./user_rgb/image3766_20_27_47.jpg,33.4262885,-111.9292422,0.498307454,0.679080824,21
4200,./user_rgb/image4200_20_28_42.jpg,33.42613608,-111.9293121,0.289418504,0.125198098,12
4664,./user_rgb/image4664_20_29_41.jpg,33.42636817,-111.9292485,0.607493799,0.629160063,26
319,./user_rgb/image319_20_20_27.jpg,33.4262747,-111.9293171,0.479394795,0.085578447,21
2469,./user_rgb/image2469_20_25_01.jpg,33.42655735,-111.9292812,0.866761687,0.370047544,29
292,./user_rgb/image292_20_20_24.jpg,33.42641809,-111.929321,0.675908287,0.054675119,27
3411,./user_rgb/image3411_20_27_01.jpg,33.42617965,-111.9293213,0.349130429,0.05229794,15
729,./user_rgb/image729_20_21_19.jpg,33.42634719,-111.9292449,0.578741075,0.657686212,24
4638,./user_rgb/image4638_20_29_38.jpg,33.42603096,-111.9292456,0.145353379,0.652139461,9
2851,./user_rgb/image2851_20_25_50.jpg,33.42610164,-111.929237,0.242219085,0.720285261,12
4136,./user_rgb/image4136_20_28_34.jpg,33.42653699,-111.9293185,0.838858662,0.074484945,30
966,./user_rgb/image966_20_21_50.jpg,33.42655631,-111.9293183,0.865336385,0.076069731,31
2873,./user_rgb/image2873_20_25_53.jpg,33.42622879,-111.9292378,0.416475941,0.713946117,19
1045,./user_rgb/image1045_20_22_00.jpg,33.42608475,-111.9293138,0.219071635,0.111727417,7
2526,./user_rgb/image2526_20_25_08.jpg,33.42601736,-111.9292774,0.126714816,0.400158479,4
4169,./user_rgb/image4169_20_28_38.jpg,33.42633426,-111.929316,0.561020735,0.09429477,23
756,./user_rgb/image756_20_21_23.jpg,33.42650864,-111.9292467,0.800005482,0.643423138,28
2896,./user_rgb/image2896_20_25_56.jpg,33.42636731,-111.9292402,0.606315184,0.694928685,24
1020,./user_rgb/image1020_20_21_56.jpg,33.42624099,-111.9293165,0.433195828,0.090332805,18
1750,./user_rgb/image1750_20_23_29.jpg,33.42634027,-111.9293102,0.569257336,0.140253566,23
1762,./user_rgb/image1762_20_23_31.jpg,33.42625156,-111.9293105,0.447681829,0.137876387,18
2498,./user_rgb/image2498_20_25_05.jpg,33.426285,-111.9292791,0.493510765,0.386687797,20
3724,./user_rgb/image3724_20_27_42.jpg,33.42600801,-111.9292389,0.113900804,0.705229794,6
1723,./user_rgb/image1723_20_23_26.jpg,33.42652224,-111.9293086,0.818644045,0.152931854,30
3357,./user_rgb/image3357_20_26_54.jpg,33.42647848,-111.9293275,0.758671728,0.003169572,28
1765,./user_rgb/image1765_20_23_31.jpg,33.42622895,-111.9293104,0.416695218,0.13866878,17
964,./user_rgb/image964_20_21_49.jpg,33.42656597,-111.9293182,0.878575246,0.076862124,31
2906,./user_rgb/image2906_20_25_57.jpg,33.42643233,-111.9292421,0.695423959,0.679873217,26
733,./user_rgb/image733_20_21_20.jpg,33.42637016,-111.9292452,0.610221059,0.655309033,25
1368,./user_rgb/image1368_20_22_41.jpg,33.42608736,-111.9292054,0.222648595,0.970681458,10
2047,./user_rgb/image2047_20_24_07.jpg,33.42614178,-111.9292066,0.297230255,0.961172742,13
2049,./user_rgb/image2049_20_24_07.jpg,33.42616091,-111.9292068,0.323447586,0.959587956,14
4927,./user_rgb/image4927_20_30_14.jpg,33.42641622,-111.9293225,0.673345485,0.042789224,27
3755,./user_rgb/image3755_20_27_45.jpg,33.42621593,-111.9292413,0.398851536,0.686212361,17
4148,./user_rgb/image4148_20_28_35.jpg,33.42646298,-111.9293177,0.737429249,0.080824089,28
1008,./user_rgb/image1008_20_21_55.jpg,33.42631254,-111.9293176,0.531253854,0.081616482,23
4932,./user_rgb/image4932_20_30_15.jpg,33.42635457,-111.9293217,0.588855236,0.049128368,23
1001,./user_rgb/image1001_20_21_54.jpg,33.42635403,-111.9293182,0.588115175,0.076862124,25
976,./user_rgb/image976_20_21_51.jpg,33.4265038,-111.9293191,0.793372346,0.069730586,29
1729,./user_rgb/image1729_20_23_27.jpg,33.4264849,-111.9293089,0.767470226,0.150554675,29
2062,./user_rgb/image2062_20_24_09.jpg,33.4262846,-111.9292071,0.492962572,0.957210776,20
1764,./user_rgb/image1764_20_23_31.jpg,33.4262365,-111.9293105,0.427042362,0.137876387,17
4933,./user_rgb/image4933_20_30_15.jpg,33.42634233,-111.9293214,0.57208053,0.051505547,22
2865,./user_rgb/image2865_20_25_52.jpg,33.42618216,-111.9292377,0.35257034,0.71473851,16
1418,./user_rgb/image1418_20_22_47.jpg,33.42636787,-111.9292104,0.607082654,0.931061807,24
4938,./user_rgb/image4938_20_30_16.jpg,33.42628177,-111.9293198,0.489084107,0.064183835,19
4657,./user_rgb/image4657_20_29_40.jpg,33.42627603,-111.9292473,0.481217537,0.63866878,21
2914,./user_rgb/image2914_20_25_58.jpg,33.42648149,-111.9292434,0.762796881,0.669572108,28
1043,./user_rgb/image1043_20_21_59.jpg,33.42609683,-111.9293142,0.235627064,0.108557845,9
4177,./user_rgb/image4177_20_28_39.jpg,33.4262811,-111.9293153,0.488165883,0.099841521,21
4186,./user_rgb/image4186_20_28_40.jpg,33.42622385,-111.9293142,0.409705757,0.108557845,17
3785,./user_rgb/image3785_20_27_49.jpg,33.42641669,-111.9292438,0.673989612,0.666402536,26
1051,./user_rgb/image1051_20_22_00.jpg,33.42604843,-111.929313,0.169295709,0.118066561,6
3750,./user_rgb/image3750_20_27_45.jpg,33.42617954,-111.9292411,0.348979676,0.687797147,16
3770,./user_rgb/image3770_20_27_47.jpg,33.42631513,-111.9292425,0.534803404,0.676703645,23
4915,./user_rgb/image4915_20_30_13.jpg,33.42656833,-111.9293213,0.881809585,0.05229794,31
3778,./user_rgb/image3778_20_27_48.jpg,33.42636901,-111.9292432,0.608645004,0.671156894,24
368,./user_rgb/image368_20_20_33.jpg,33.42600393,-111.9293128,0.108309236,0.119651347,3
275,./user_rgb/image275_20_20_22.jpg,33.42650724,-111.9293222,0.798086806,0.045166403,31
3437,./user_rgb/image3437_20_27_04.jpg,33.42603669,-111.9293182,0.153206244,0.076862124,5
4939,./user_rgb/image4939_20_30_16.jpg,33.42626983,-111.9293194,0.472720545,0.067353407,18
2911,./user_rgb/image2911_20_25_58.jpg,33.42646301,-111.9292429,0.737470363,0.673534073,27
3713,./user_rgb/image3713_20_27_40.jpg,33.42593717,-111.9292384,0.016815821,0.709191759,3
2518,./user_rgb/image2518_20_25_07.jpg,33.42610066,-111.9292769,0.240876012,0.404120444,8
2826,./user_rgb/image2826_20_25_47.jpg,33.42595977,-111.9292345,0.047788726,0.740095087,4
4156,./user_rgb/image4156_20_28_36.jpg,33.42641389,-111.929317,0.670152261,0.08637084,27
3378,./user_rgb/image3378_20_26_57.jpg,33.42635712,-111.9293261,0.592349966,0.014263075,25
304,./user_rgb/image304_20_20_25.jpg,33.42635464,-111.929319,0.58895117,0.070522979,24
3743,./user_rgb/image3743_20_27_44.jpg,33.42613124,-111.9292406,0.282785369,0.691759112,13
3391,./user_rgb/image3391_20_26_59.jpg,33.4262868,-111.9293242,0.495977634,0.029318542,22
4640,./user_rgb/image4640_20_29_38.jpg,33.42605407,-111.9292457,0.177025231,0.651347068,9
760,./user_rgb/image760_20_21_23.jpg,33.42653525,-111.9292471,0.836474023,0.640253566,29
4179,./user_rgb/image4179_20_28_39.jpg,33.42626704,-111.929315,0.468896899,0.1022187,20
1,./user_rgb/image1_20_19_47.jpg,33.42644938,-111.9292482,0.718790686,0.631537242,28
705,./user_rgb/image705_20_21_16.jpg,33.42620334,-111.929243,0.38159716,0.67274168,17
4202,./user_rgb/image4202_20_28_42.jpg,33.42612351,-111.9293118,0.272191539,0.127575277,10
2846,./user_rgb/image2846_20_25_49.jpg,33.42607322,-111.9292366,0.203269971,0.723454834,10
3387,./user_rgb/image3387_20_26_58.jpg,33.42630828,-111.9293248,0.525415599,0.024564184,23
2081,./user_rgb/image2081_20_24_11.jpg,33.42646348,-111.9292093,0.73811449,0.93977813,27
2864,./user_rgb/image2864_20_25_52.jpg,33.42617635,-111.9292376,0.344607836,0.715530903,16
4673,./user_rgb/image4673_20_29_42.jpg,33.42649138,-111.9292505,0.776350953,0.613312203,29
3431,./user_rgb/image3431_20_27_04.jpg,33.42607044,-111.9293189,0.19946003,0.071315372,7
4631,./user_rgb/image4631_20_29_37.jpg,33.42595443,-111.9292447,0.04047035,0.659270998,4
4193,./user_rgb/image4193_20_28_41.jpg,33.42618018,-111.9293131,0.349856785,0.117274168,14
1774,./user_rgb/image1774_20_23_32.jpg,33.42616089,-111.9293092,0.323420176,0.148177496,12
4929,./user_rgb/image4929_20_30_15.jpg,33.42639147,-111.9293223,0.639426042,0.04437401,25
3399,./user_rgb/image3399_20_27_00.jpg,33.42624397,-111.929323,0.437279866,0.038827258,19
4962,./user_rgb/image4962_20_30_19.jpg,33.42601006,-111.9293103,0.116710294,0.139461173,3
2827,./user_rgb/image2827_20_25_47.jpg,33.42596541,-111.9292346,0.055518248,0.739302694,4
1440,./user_rgb/image1440_20_22_50.jpg,33.42649675,-111.9292129,0.783710444,0.911251981,27
4630,./user_rgb/image4630_20_29_37.jpg,33.42594419,-111.9292446,0.026436608,0.660063391,3
720,./user_rgb/image720_20_21_18.jpg,33.42628964,-111.929244,0.499869804,0.66481775,21
316,./user_rgb/image316_20_20_27.jpg,33.42629071,-111.9293174,0.50133622,0.083201268,21
736,./user_rgb/image736_20_21_20.jpg,33.4263875,-111.9292453,0.633985226,0.65451664,25
4191,./user_rgb/image4191_20_28_41.jpg,33.42619269,-111.9293134,0.367001521,0.114896989,15
3428,./user_rgb/image3428_20_27_03.jpg,33.42608699,-111.9293193,0.222141516,0.0681458,8
3782,./user_rgb/image3782_20_27_49.jpg,33.42639623,-111.9292436,0.645949539,0.667987322,26
4952,./user_rgb/image4952_20_30_18.jpg,33.42611429,-111.9293139,0.25955569,0.110935024,9
3747,./user_rgb/image3747_20_27_44.jpg,33.42615732,-111.9292408,0.318527554,0.690174326,14
4645,./user_rgb/image4645_20_29_39.jpg,33.42611512,-111.929246,0.26069319,0.648969889,13
970,./user_rgb/image970_20_21_50.jpg,33.42653613,-111.9293186,0.837680047,0.073692552,30
1749,./user_rgb/image1749_20_23_29.jpg,33.42634753,-111.9293101,0.579207039,0.141045959,24
2895,./user_rgb/image2895_20_25_56.jpg,33.4263604,-111.92924,0.596845149,0.696513471,24
2863,./user_rgb/image2863_20_25_52.jpg,33.42617055,-111.9292376,0.336659038,0.715530903,15
2853,./user_rgb/image2853_20_25_50.jpg,33.42611304,-111.9292372,0.257842586,0.718700475,12
2471,./user_rgb/image2471_20_25_01.jpg,33.42653936,-111.9292812,0.842106706,0.370047544,30
360,./user_rgb/image360_20_20_32.jpg,33.42605096,-111.9293135,0.17276303,0.114104596,6
1433,./user_rgb/image1433_20_22_49.jpg,33.42645537,-111.9292121,0.726999877,0.917591125,26
3799,./user_rgb/image3799_20_27_51.jpg,33.42651375,-111.9292451,0.807008648,0.656101426,28
349,./user_rgb/image349_20_20_31.jpg,33.42611229,-111.9293145,0.256814724,0.106180666,10
4654,./user_rgb/image4654_20_29_40.jpg,33.4262375,-111.9292468,0.428412844,0.642630745,19
1347,./user_rgb/image1347_20_22_38.jpg,33.42597396,-111.9292034,0.067235874,0.986529318,4
2091,./user_rgb/image2091_20_24_13.jpg,33.42656633,-111.9292106,0.87906862,0.929477021,29
9,./user_rgb/image9_20_19_48.jpg,33.42652728,-111.9292492,0.825551277,0.623613312,29
3807,./user_rgb/image3807_20_27_52.jpg,33.42657535,-111.9292461,0.891430373,0.648177496,30
1415,./user_rgb/image1415_20_22_47.jpg,33.42635068,-111.9292102,0.583524059,0.932646593,23
3373,./user_rgb/image3373_20_26_56.jpg,33.4263852,-111.9293266,0.630833116,0.010301109,26
2932,./user_rgb/image2932_20_26_00.jpg,33.42659435,-111.9292455,0.917469541,0.652931854,31
969,./user_rgb/image969_20_21_50.jpg,33.42654128,-111.9293186,0.844738032,0.073692552,30
965,./user_rgb/image965_20_21_49.jpg,33.42656117,-111.9293182,0.87199693,0.076862124,31
737,./user_rgb/image737_20_21_21.jpg,33.42639333,-111.9292455,0.641975139,0.652931854,25
1740,./user_rgb/image1740_20_23_28.jpg,33.42641131,-111.9293095,0.666616416,0.145800317,26
2933,./user_rgb/image2933_20_26_00.jpg,33.42660062,-111.9292457,0.926062467,0.651347068,30
4149,./user_rgb/image4149_20_28_36.jpg,33.42645682,-111.9293176,0.728987076,0.081616482,28
3729,./user_rgb/image3729_20_27_42.jpg,33.42604034,-111.9292393,0.158208505,0.702060222,8
1410,./user_rgb/image1410_20_22_46.jpg,33.42632206,-111.9292098,0.544300848,0.935816165,22
2472,./user_rgb/image2472_20_25_01.jpg,33.42653036,-111.929281,0.829772363,0.37163233,29
1446,./user_rgb/image1446_20_22_51.jpg,33.42653506,-111.9292137,0.836213631,0.904912837,29
1772,./user_rgb/image1772_20_23_32.jpg,33.42617608,-111.9293096,0.344237806,0.145007924,13
2891,./user_rgb/image2891_20_25_55.jpg,33.42633749,-111.9292395,0.565447394,0.700475436,23
